Original_URL,Match_URL,Confidence
http://www.newegg.com/Product/Product.aspx?Item=9SIA1K51053445,http://www.bestbuy.com/site/sony-alpha-slta58k-20-1mp-digital-slr-camera-with-18-55mm-lens-55-200mm-lens/9999216200050032.p,100.00
http://www.newegg.com/Product/Product.aspx?Item=N82E16830179466,http://www.bestbuy.com/site/alpha-a77-digital-slr-camera-with-16-50mm-lens/5046788.p,65.99
http://www.newegg.com/Product/Product.aspx?Item=N82E16830120696,http://www.bestbuy.com/site/eos-70d-digital-slr-camera-with-18-55mm-is-stm-lens-black/8896105.p,100.00
http://www.newegg.com/Product/Product.aspx?Item=N82E16830113545,http://www.bestbuy.com/site/bundle-d5200-24-1-mp-cmos-digital-slr-camera-black-with-18-55mm-f-3-5-5-6g-af-s-dx-vr-lens/1309145249.p,62.29
http://www.newegg.com/Product/Product.aspx?Item=N82E16830179463,http://www.bestbuy.com/site/24-3-megapixel-digital-slt-camera-body-only/1307316290.p,91.45
http://www.newegg.com/Product/Product.aspx?Item=N82E16830113449,http://www.bestbuy.com/site/bundle-d5200-24-1-mp-cmos-digital-slr-camera-black-with-18-55mm-f-3-5-5-6g-af-s-dx-vr-lens/1309145232.p,100.00
http://www.newegg.com/Product/Product.aspx?Item=N82E16830113550,http://www.bestbuy.com/site/bundle-d5300-24-2-mp-cmos-slr-camera-with-built-in-wi-fi-and-gps-body-only-red/1309632794.p,68.37
http://www.newegg.com/Product/Product.aspx?Item=N82E16830120520,http://www.bestbuy.com/site/eos-rebel-t3i-digital-slr-camera-with-18-135mm-is-lens/3125081.p,100.00
http://www.newegg.com/Product/Product.aspx?Item=9SIA0ZS1924437,http://www.bestbuy.com/site/bundle-eos-rebel-t3i-digital-camera-with-ef-s-18-55mm-is-ii-lens-kit/1306280301.p,100.00
http://www.newegg.com/Product/Product.aspx?Item=9SIA2GA0V85636,http://www.bestbuy.com/site/d3200-digital-slr-camera-with-18-55mm-vr-lens/4826999.p,60.00
http://www.newegg.com/Product/Product.aspx?Item=N82E16830113538,http://www.bestbuy.com/site/d7100-digital-slr-camera-with-18-140mm-and-55-300mm-vr-lens-kit/2162601.p,100.00
http://www.newegg.com/Product/Product.aspx?Item=9SIA2GA0V86709,http://www.bestbuy.com/site/refurbished-d5200-24-1-mp-cmos-digital-slr-camera-body/1308031895.p,62.42
http://www.newegg.com/Product/Product.aspx?Item=9SIA1CZ0SG9155,http://www.bestbuy.com/site/bundle-d7100-dx-format-digital-hd-slr-with-18-105mm-vr-lens/1306633275.p,100.00
http://www.newegg.com/Product/Product.aspx?Item=0UP-000J-00021,http://www.bestbuy.com/site/k-30-digital-slr-camera-body-only/5605604.p,57.14
http://www.newegg.com/Product/Product.aspx?Item=N82E16830120679,http://www.bestbuy.com/site/eos-rebel-sl1-digital-slr-camera-with-18-55mm-is-stm-lens/8153056.p,100.00
http://www.newegg.com/Product/Product.aspx?Item=9SIA1K514P0610,http://www.bestbuy.com/site/ef-s-18-135mm-f-3-5-5-6-is-stm-standard-zoom-lens/7037102.p,100.00
http://www.newegg.com/Product/ProductList.aspx?Submit=ENE&Description=9SIA2000S44303&fz=1,,
http://www.newegg.com/Product/Product.aspx?Item=9SIA1XA1C77072,http://www.bestbuy.com/site/finepix-s4300-14-0-megapixel-digital-camera/4882211.p,57.83
http://www.newegg.com/Product/Product.aspx?Item=9SIA1K514J5663,http://www.bestbuy.com/site/eos-rebel-t3-digital-slr-camera-with-18-55mm-is-lens/1987075.p,100.00
http://www.newegg.com/Product/ProductList.aspx?Submit=ENE&Description=9SIA2000S44304&fz=1,,
http://www.newegg.com/Product/ProductList.aspx?Submit=ENE&Description=9SIA2000S44307&fz=1,,
http://www.newegg.com/Product/ProductList.aspx?Submit=ENE&Description=9SIA2000S44296&fz=1,,
http://www.newegg.com/Product/Product.aspx?Item=9SIA29P0X96793,http://www.bestbuy.com/site/eos-rebel-t5-digital-slr-camera-with-ef-s-18-55mm-f-3-5-5-6-is-ii-lens/4470028.p,100.00
http://www.newegg.com/Product/ProductList.aspx?Submit=ENE&Description=9SIA2000S44301&fz=1,,
http://www.newegg.com/Product/Product.aspx?Item=N82E16830120507,http://www.bestbuy.com/site/eos-rebel-t3i-digital-slr-camera-with-18-55mm-is-lens/1980124.p,100.00
http://www.newegg.com/Product/Product.aspx?Item=N82E16830120710,http://www.bestbuy.com/site/eos-5d-mark-iii-digital-slr-camera-with-24-70mm-f-4l-is-lens/2800242.p,100.00
http://www.newegg.com/Product/Product.aspx?Item=N82E16830113633,http://www.bestbuy.com/site/d5300-dslr-camera-with-af-s-dx-nikkor-18-55mm-f-3-5-5-6g-ed-vr-ii-lens/3394029.p,82.89
http://www.newegg.com/Product/Product.aspx?Item=N82E16830120506R,http://www.bestbuy.com/site/eos-rebel-t3-digital-slr-camera-with-18-55mm-is-lens/1987075.p,100.00
http://www.newegg.com/Product/Product.aspx?Item=N82E16830113631,http://www.bestbuy.com/site/d5300-dslr-camera-with-af-s-dx-nikkor-18-55mm-f-3-5-5-6g-ed-vr-ii-lens/3394001.p,82.89
http://www.newegg.com/Product/Product.aspx?Item=9SIA29P1691962,http://www.bestbuy.com/site/eos-60d-18-mp-cmos-digital-slr-camera-with-ef-s-18-55mm-f-3-5-5-6-is-lens-ef-75-300mm/1306005416.p,53.98
http://www.newegg.com/Product/Product.aspx?Item=9SIA22F1C46732,http://www.bestbuy.com/site/eos-rebel-t3-digital-slr-camera-with-18-55mm-is-lens/1987075.p,94.72
http://www.newegg.com/Product/Product.aspx?Item=N82E16830179468R,http://www.bestbuy.com/site/16-1-megapixel-digital-compact-system-camera-with-18-55mm-f-3-5-5-6-oss-lens-black/1308093954.p,89.77
http://www.newegg.com/Product/Product.aspx?Item=9SIA22F1C80448,http://www.bestbuy.com/site/eos-rebel-sl1-digital-slr-camera-body-only/8437083.p,100.00
http://www.newegg.com/Product/Product.aspx?Item=N82E16830113534,http://www.bestbuy.com/site/d7100-digital-slr-camera-with-18-140mm-vr-lens/2072001.p,100.00
http://www.newegg.com/Product/Product.aspx?Item=9SIA1M81699242,http://www.bestbuy.com/site/finepix-16-2-megapixel-bridge-camera/1309663767.p,92.26
http://www.newegg.com/Product/Product.aspx?Item=9SIA1T50NV5399,,
http://www.newegg.com/Product/Product.aspx?Item=9SIA1M80M64463,,
http://www.newegg.com/Product/Product.aspx?Item=9SIA2001BV3321,http://www.bestbuy.com/site/eos-rebel-t5-digital-slr-camera-with-ef-s-18-55mm-f-3-5-5-6-is-ii-lens/4470028.p,96.54
http://www.newegg.com/Product/Product.aspx?Item=9SIA1K50JJ8562,http://www.bestbuy.com/site/bundle-eos-rebel-t3i-digital-camera-with-ef-s-18-55mm-is-ii-lens-kit/1306280301.p,100.00
http://www.newegg.com/Product/Product.aspx?Item=9SIA2000S44297,http://www.bestbuy.com/site/eos-rebel-t5-digital-slr-camera-with-ef-s-18-55mm-f-3-5-5-6-is-ii-lens/4470028.p,100.00
http://www.newegg.com/Product/Product.aspx?Item=9SIA3V718A7131,http://www.bestbuy.com/site/eos-rebel-t5-digital-slr-camera-with-ef-s-18-55mm-f-3-5-5-6-is-ii-lens/4470028.p,100.00
http://www.newegg.com/Product/Product.aspx?Item=9SIA1JX1692003,http://www.bestbuy.com/site/bundle-eos-rebel-t3i-digital-slr-camera-body/1306691152.p,75.00
http://www.newegg.com/Product/Product.aspx?Item=9SIA29P1003465,http://www.bestbuy.com/site/eos-rebel-t5-digital-slr-camera-with-ef-s-18-55mm-f-3-5-5-6-is-ii-lens/4470028.p,100.00
http://www.newegg.com/Product/Product.aspx?Item=9SIA29P1003726,http://www.bestbuy.com/site/eos-rebel-t5i-cam-ef-s-18-135-is-stm-lens-32gb-card-batt-charger-backpack-filter-hdmi-cable-acc-kit/1307989470.p,88.34
http://www.newegg.com/Product/Product.aspx?Item=9SIA29P0ZH1858,http://www.bestbuy.com/site/bundle-d7100-dx-format-digital-hd-slr-with-18-105mm-vr-lens/1306633275.p,96.08
http://www.newegg.com/Product/Product.aspx?Item=9SIA22F1C20147,,
http://www.newegg.com/Product/Product.aspx?Item=9SIA22F1C20152,http://www.bestbuy.com/site/eos-70d-digital-slr-camera-with-18-8211135mm-is-stm-lens-black/8896132.p,87.25
http://www.newegg.com/Product/Product.aspx?Item=9SIA1T50NW1462,http://www.bestbuy.com/site/77mm-uv-haze-1-wide-angle-filter/1304682077.p,59.18
http://www.newegg.com/Product/Product.aspx?Item=9SIA1T50NV6910,,
http://www.newegg.com/Product/Product.aspx?Item=9SIA2280RZ5070,,
http://www.newegg.com/Product/Product.aspx?Item=9SIA1T50Y39660,,
http://www.newegg.com/Product/Product.aspx?Item=9SIA29P1003739,http://www.bestbuy.com/site/eos-rebel-t5i-cam-ef-s-18-135-is-stm-lens-32gb-card-batt-charger-backpack-filter-hdmi-cable-acc-kit/1307989470.p,87.33
http://www.newegg.com/Product/Product.aspx?Item=9SIA2GA0V85548,http://www.bestbuy.com/site/bundle-x-e1-body-only-black-digital-camera/1309045037.p,53.80
http://www.newegg.com/Product/Product.aspx?Item=9SIA1T50NV3438,,
http://www.newegg.com/Product/Product.aspx?Item=9SIA1K50SZ9045,http://www.bestbuy.com/site/k-5-iis-16-3-mp-dslr-camera-with-da-18-135mm-f-3-5-5-6-ed-al-if-dc-wr-lens-kit/1306786735.p,73.92
http://www.newegg.com/Product/Product.aspx?Item=9SIA1Y30NP0761,http://www.bestbuy.com/site/pen-e-pl2-micro-4-3-digital-camera-14-42mm-ii-lens/1309431151.p,98.75
http://www.newegg.com/Product/Product.aspx?Item=9SIA1K519N9975,http://www.bestbuy.com/site/d3200-digital-slr-camera-with-18-55mm-vr-lens/5192349.p,94.72
http://www.newegg.com/Product/Product.aspx?Item=9SIA29P1003835,http://www.bestbuy.com/site/eos-rebel-t5i-cam-ef-s-18-135-is-stm-lens-32gb-card-batt-charger-backpack-filter-hdmi-cable-acc-kit/1307989470.p,83.84
http://www.newegg.com/Product/Product.aspx?Item=9SIA04D0R19267,http://www.bestbuy.com/site/ef-70-300mm-f-4-5-6l-is-usm-telephoto-zoom-lens/3479197.p,75.20
http://www.newegg.com/Product/Product.aspx?Item=9SIA1K50SE6733,http://www.bestbuy.com/site/eos-rebel-t3-digital-slr-camera-with-18-55mm-is-lens/1987075.p,86.31
http://www.newegg.com/Product/Product.aspx?Item=9SIA29P1003840,http://www.bestbuy.com/site/eos-rebel-t5-digital-slr-camera-with-ef-s-18-55mm-f-3-5-5-6-is-ii-lens/4470028.p,100.00
http://www.newegg.com/Product/Product.aspx?Item=9SIA0ZS0HC8380,http://www.bestbuy.com/site/eos-rebel-t3i-digital-slr-camera-with-18-55mm-is-lens/1980124.p,81.39
http://www.newegg.com/Product/Product.aspx?Item=9SIA1T50NV5711,,
http://www.newegg.com/Product/Product.aspx?Item=9SIA1K50T20070,http://www.bestbuy.com/site/d3100-digital-slr-camera-with-18-55mm-and-55-200mm-lens/8864692.p,52.54
http://www.newegg.com/Product/Product.aspx?Item=9SIA1K519N9976,http://www.bestbuy.com/site/d3200-digital-slr-camera-with-18-55mm-vr-lens/4826999.p,83.86
http://www.newegg.com/Product/Product.aspx?Item=9SIA1K50SZ9047,http://www.bestbuy.com/site/alpha-a65-digital-slr-camera-with-18-55mm-lens/2365129.p,85.00
http://www.newegg.com/Product/Product.aspx?Item=9SIA0ZS0RP0802,http://www.bestbuy.com/site/eos-rebel-t5-digital-slr-camera-with-ef-s-18-55mm-f-3-5-5-6-is-ii-lens/4470028.p,100.00
http://www.newegg.com/Product/Product.aspx?Item=9SIA1K50S89716,http://www.bestbuy.com/site/ef-75-300mm-f-4-5-6-iii-zoom-lens-w-2400-case-3-uv-fld-cpl-filters-lens-hood-pouch-tripod/1309180097.p,92.79
http://www.newegg.com/Product/Product.aspx?Item=9SIA22816M8863,,
http://www.newegg.com/Product/Product.aspx?Item=9SIA04D0R19276,http://www.bestbuy.com/site/18-250mm-f3-5-6-3-dc-os-hsm-lens-for-canon-eos/1306235905.p,71.82
http://www.newegg.com/Product/Product.aspx?Item=9SIA0ZS0HC8381,http://www.bestbuy.com/site/eos-rebel-t3i-digital-slr-camera-with-18-55mm-is-lens/1980124.p,81.39
http://www.newegg.com/Product/Product.aspx?Item=9SIA04D0RC9921,http://www.bestbuy.com/site/eos-rebel-t5-digital-slr-camera-with-ef-s-18-55mm-f-3-5-5-6-is-ii-lens/4470028.p,100.00
http://www.newegg.com/Product/Product.aspx?Item=9SIA1K50SE6734,http://www.bestbuy.com/site/bundle-eos-rebel-t3i-digital-camera-with-ef-s-18-55mm-is-ii-lens-kit/1306280301.p,100.00
http://www.newegg.com/Product/Product.aspx?Item=9SIA04D0RC9931,http://www.bestbuy.com/site/eos-rebel-t5i-digital-slr-camera-with-18-135mm-is-stm-lens/8154204.p,95.60
http://www.newegg.com/Product/Product.aspx?Item=9SIA29P0Y35856,http://www.bestbuy.com/site/eos-rebel-t5-digital-slr-camera-with-ef-s-18-55mm-f-3-5-5-6-is-ii-lens/4470028.p,88.75
http://www.newegg.com/Product/Product.aspx?Item=9SIA1K50ZE0071,http://www.bestbuy.com/site/eos-70d-digital-slr-camera-with-18-8211135mm-is-stm-lens-black/8896132.p,79.81
http://www.newegg.com/Product/Product.aspx?Item=N82E16830184193,http://www.bestbuy.com/site/k-5-16-3-megapixel-digital-slr-camera-body-only/1307762615.p,100.00
http://www.newegg.com/Product/Product.aspx?Item=9SIA1T50NV3441,,
http://www.newegg.com/Product/Product.aspx?Item=9SIA0ZS0R68338,http://www.bestbuy.com/site/eos-6d-digital-slr-camera-with-24-105mm-f-4l-is-lens/6776249.p,93.53
http://www.newegg.com/Product/Product.aspx?Item=9SIA0ZS0RP6137,http://www.bestbuy.com/site/eos-rebel-t5-digital-slr-camera-with-ef-s-18-55mm-f-3-5-5-6-is-ii-lens/4470028.p,100.00
http://www.newegg.com/Product/Product.aspx?Item=9SIA29P0XE2457,http://www.bestbuy.com/site/bundle-d3200-24-2-mp-cmos-dslr-with-18-55mm-f-3-5-5-6-af-s-dx-vr-nikkor-zoom-lens/1306936314.p,100.00
http://www.newegg.com/Product/Product.aspx?Item=9SIA2GA15F6665,http://www.bestbuy.com/site/d4-16-2-megapixel-digital-slr-camera-body-only/4760948.p,56.25
http://www.newegg.com/Product/Product.aspx?Item=9SIA29P0Y14575,http://www.bestbuy.com/site/eos-rebel-bundle-t3i-18mp-dslr-camera-efs-18-55-is-lens-with-accessories/1304310482.p,66.44
http://www.newegg.com/Product/Product.aspx?Item=9SIA0ZS0G89094,http://www.bestbuy.com/site/alpha-a58-digital-slr-camera-with-18-55mm-lens/8753642.p,67.33
http://www.newegg.com/Product/Product.aspx?Item=9SIA0ZS0R93002,http://www.bestbuy.com/site/eos-rebel-t3i-digital-slr-camera-body-only/2129187.p,58.35
http://www.newegg.com/Product/Product.aspx?Item=9SIA0ZS0FT6065,http://www.bestbuy.com/site/eos-rebel-t5-digital-slr-camera-with-ef-s-18-55mm-f-3-5-5-6-is-ii-lens/4470028.p,100.00
http://www.newegg.com/Product/Product.aspx?Item=9SIA04D0RC9922,http://www.bestbuy.com/site/eos-rebel-t5-digital-slr-camera-with-ef-s-18-55mm-f-3-5-5-6-is-ii-lens/4470028.p,100.00
http://www.newegg.com/Product/Product.aspx?Item=9SIA04D0R19157,,
http://www.newegg.com/Product/Product.aspx?Item=9SIA0ZS0HW3425,http://www.bestbuy.com/site/eos-rebel-sl1-digital-slr-camera-body-only/8437083.p,57.51
http://www.newegg.com/Product/Product.aspx?Item=9SIA1K50SF1885,http://www.bestbuy.com/site/eos-rebel-t3-digital-slr-camera-with-18-55mm-is-lens/1987075.p,80.71
http://www.newegg.com/Product/Product.aspx?Item=9SIA29P1003082,http://www.bestbuy.com/site/bundle-eos-70d-ef-s-18-55mm-is-stm-kit/1309634132.p,89.93
http://www.newegg.com/Product/Product.aspx?Item=9SIA0ZS1009915,http://www.bestbuy.com/site/eos-60d-18-mp-cmos-digital-slr-camera-with-ef-s-18-55mm-f-3-5-5-6-is-lens-ef-75-300mm/1306005416.p,95.51
http://www.newegg.com/Product/Product.aspx?Item=9SIA22816M8980,,
http://www.newegg.com/Product/Product.aspx?Item=9SIA1K50S89731,http://www.bestbuy.com/site/ef-75-300mm-f-4-5-6-iii-zoom-lens-w-2400-case-3-uv-fld-cpl-filters-lens-hood-pouch-tripod/1309180097.p,95.25
http://www.newegg.com/Product/Product.aspx?Item=9SIA29P1009731,http://www.bestbuy.com/site/bundle-d3200-24-2-mp-cmos-dslr-with-18-55mm-f-3-5-5-6-af-s-dx-vr-nikkor-zoom-lens/1306936314.p,100.00
http://www.newegg.com/Product/Product.aspx?Item=9SIA04D0R19286,http://www.bestbuy.com/site/18-250mm-f3-5-6-3-dc-os-hsm-lens-for-canon-eos/1306235905.p,72.93
http://www.newegg.com/Product/Product.aspx?Item=9SIA0ZS0HD0604,http://www.bestbuy.com/site/ef-s-18-135mm-f-3-5-5-6-is-stm-standard-zoom-lens/7037102.p,95.51
http://www.newegg.com/Product/Product.aspx?Item=9SIA1K50SE6736,http://www.bestbuy.com/site/eos-rebel-t3-digital-slr-camera-with-18-55mm-is-lens/1987075.p,83.88
http://www.newegg.com/Product/Product.aspx?Item=9SIA29P1003870,http://www.bestbuy.com/site/bundle-d3200-24-2-mp-cmos-dslr-with-18-55mm-f-3-5-5-6-af-s-dx-vr-nikkor-zoom-lens/1306936314.p,100.00
http://www.newegg.com/Product/Product.aspx?Item=9SIA1T50NV5810,,
http://www.newegg.com/Product/Product.aspx?Item=9SIA29P0YV0669,http://www.bestbuy.com/site/refurbished-d5200-24-1-mp-cmos-digital-slr-camera-w-18-55mm-f-3-5-5-6g-af-s-dx-vr-lens/1308031901.p,100.00
http://www.newegg.com/Product/Product.aspx?Item=9SIA1T50NY9505,,
http://www.newegg.com/Product/Product.aspx?Item=9SIA04D0RH0070,http://www.bestbuy.com/site/eos-rebel-t5-digital-slr-camera-with-ef-s-18-55mm-f-3-5-5-6-is-ii-lens/4470028.p,100.00
http://www.newegg.com/Product/Product.aspx?Item=9SIA13X0YV9556,,
http://www.newegg.com/Product/Product.aspx?Item=9SIA0MP0NY5400,http://www.bestbuy.com/site/d3100-digital-slr-camera-with-18-55mm-vr-lens/3099128.p,78.60
http://www.newegg.com/Product/Product.aspx?Item=9SIA0ZS0R66227,http://www.bestbuy.com/site/eos-rebel-t5-digital-slr-camera-with-ef-s-18-55mm-f-3-5-5-6-is-ii-lens/4470028.p,100.00
http://www.newegg.com/Product/Product.aspx?Item=9SIA1K50F11776,http://www.bestbuy.com/site/bundle-eos-rebel-t3i-digital-camera-with-ef-s-18-55mm-is-ii-lens-kit/1306280301.p,50.96
http://www.newegg.com/Product/Product.aspx?Item=9SIA1K50F32655,http://www.bestbuy.com/site/eos-7d-digital-slr-camera-with-28-135mm-is-lens/9491935.p,61.37
http://www.newegg.com/Product/Product.aspx?Item=9SIA2GA15F6666,,
http://www.newegg.com/Product/Product.aspx?Item=9SIA04D0RC9932,http://www.bestbuy.com/site/eos-rebel-t5-digital-slr-camera-with-ef-s-18-55mm-f-3-5-5-6-is-ii-lens/4470028.p,100.00
http://www.newegg.com/Product/Product.aspx?Item=9SIA0ZS0FY3771,http://www.bestbuy.com/site/eos-rebel-t5-digital-slr-camera-with-ef-s-18-55mm-f-3-5-5-6-is-ii-lens/4470028.p,100.00
http://www.newegg.com/Product/Product.aspx?Item=9SIA0ZS0R99270,http://www.bestbuy.com/site/eos-rebel-t3i-digital-slr-camera-with-18-55mm-is-lens/1980124.p,81.39
http://www.newegg.com/Product/Product.aspx?Item=9SIA1K50SZ9130,http://www.bestbuy.com/site/d3100-digital-slr-camera-with-18-55mm-and-55-200mm-lens/8864692.p,65.89
http://www.newegg.com/Product/Product.aspx?Item=9SIA29P0Y14895,http://www.bestbuy.com/site/eos-rebel-t3-dslr-camera-body-ef-s-18-55-is-ii-lens-16gb-card-batt-case-filter-flash-acc-kit/1309548286.p,69.77
http://www.newegg.com/Product/Product.aspx?Item=9SIA0ZS0R68341,http://www.bestbuy.com/site/eos-6d-digital-slr-camera-body-with-64gb-card-battery-charger-battery-grip-remote-acc-kit/1308567219.p,77.21
http://www.newegg.com/Product/Product.aspx?Item=9SIA04D0RH0064,http://www.bestbuy.com/site/eos-rebel-t5-digital-slr-camera-with-ef-s-18-55mm-f-3-5-5-6-is-ii-lens/4470028.p,100.00
http://www.newegg.com/Product/Product.aspx?Item=9SIA29P0XE2569,http://www.bestbuy.com/site/bundle-d3200-24-2-mp-cmos-dslr-with-18-55mm-f-3-5-5-6-af-s-dx-vr-nikkor-zoom-lens/1306936314.p,100.00
http://www.newegg.com/Product/Product.aspx?Item=9SIA2GA0V85571,http://www.bestbuy.com/site/bundle-x-e1-kit-18-55mm-lens-silver-digital-camera/1309044993.p,100.00
http://www.newegg.com/Product/Product.aspx?Item=9SIA0ZS0FT6091,http://www.bestbuy.com/site/eos-rebel-t5-digital-slr-camera-with-ef-s-18-55mm-f-3-5-5-6-is-ii-lens/4470028.p,100.00
http://www.newegg.com/Product/Product.aspx?Item=9SIA1K50R05917,http://www.bestbuy.com/site/eos-rebel-sl1-digital-slr-camera-body-only/8437083.p,50.00
http://www.newegg.com/Product/Product.aspx?Item=9SIA0ZS0G89100,http://www.bestbuy.com/site/d3100-digital-slr-camera-with-18-55mm-vr-lens/3099128.p,67.33
http://www.newegg.com/Product/Product.aspx?Item=9SIA1JX1BW4176,http://www.bestbuy.com/site/bundle-dsc-rx100-20-2-mp-exmor-cmos-sensor-digital-camera-with-3-6x-zoom/1309394388.p,100.00
http://www.newegg.com/Product/Product.aspx?Item=9SIA1K50R05928,http://www.bestbuy.com/site/k-30-16-3-megapixel-dslr-camera-with-18-55mm-and-50-200mm-lenses-black/1306146966.p,71.82
http://www.newegg.com/Product/Product.aspx?Item=9SIA0ZS0R92494,http://www.bestbuy.com/site/eos-60d-18-mp-cmos-digital-slr-camera-with-ef-s-18-55mm-f-3-5-5-6-is-lens-ef-75-300mm/1306005416.p,100.00
http://www.newegg.com/Product/Product.aspx?Item=9SIA1K50F09625,http://www.bestbuy.com/site/58mm-clp-and-uv-lens-filter-and-hood-bundle-for-canon-eos-18-55mm-lens/1307095393.p,69.80
http://www.newegg.com/Product/Product.aspx?Item=9SIA0ZS1011798,http://www.bestbuy.com/site/eos-7d-digital-slr-camera-body-only/9491944.p,56.57
http://www.newegg.com/Product/Product.aspx?Item=9SIA29P1186251,http://www.bestbuy.com/site/eos-rebel-t5-digital-slr-camera-with-ef-s-18-55mm-f-3-5-5-6-is-ii-lens/4470028.p,100.00
http://www.newegg.com/Product/Product.aspx?Item=9SIA04D0RC9923,http://www.bestbuy.com/site/eos-rebel-t5i-digital-slr-camera-with-18-135mm-is-stm-lens/8154204.p,95.60
http://www.newegg.com/Product/Product.aspx?Item=9SIA0ZS0R92766,http://www.bestbuy.com/site/ef-s-18-135mm-f-3-5-5-6-is-standard-zoom-lens/9553645.p,100.00
http://www.newegg.com/Product/Product.aspx?Item=9SIA1K50SF1887,http://www.bestbuy.com/site/eos-rebel-t3-digital-slr-camera-with-18-55mm-is-lens/1987075.p,91.80
http://www.newegg.com/Product/Product.aspx?Item=9SIA0ZS0R93004,http://www.bestbuy.com/site/eos-rebel-t5-digital-slr-camera-with-ef-s-18-55mm-f-3-5-5-6-is-ii-lens/4470028.p,100.00
http://www.newegg.com/Product/Product.aspx?Item=9SIA1K50PS6032,http://www.bestbuy.com/site/eos-rebel-t5i-digital-slr-camera-with-18-55mm-is-stm-lens/8154046.p,100.00
http://www.newegg.com/Product/Product.aspx?Item=9SIA0ZS0HW3426,http://www.bestbuy.com/site/eos-rebel-t5-digital-slr-camera-with-ef-s-18-55mm-f-3-5-5-6-is-ii-lens/4470028.p,100.00
http://www.newegg.com/Product/Product.aspx?Item=9SIA29P0YW6800,http://www.bestbuy.com/site/bundle-eos-rebel-t5i-18-0-mp-cmos-digital-camera-with-3-inch-touchscreen/1309633210.p,80.78
http://www.newegg.com/Product/Product.aspx?Item=9SIA29P0XW6928,http://www.bestbuy.com/site/bundle-d3200-24-2-mp-cmos-dslr-with-18-55mm-f-3-5-5-6-af-s-dx-vr-nikkor-zoom-lens/1306936314.p,100.00
http://www.newegg.com/Product/Product.aspx?Item=9SIA1T50P45491,http://www.bestbuy.com/site/hardback-carrying-case-attach-233-for-14-notebook-black/1306274911.p,94.66
http://www.newegg.com/Product/Product.aspx?Item=9SIA1K50PS5998,http://www.bestbuy.com/site/bundle-ef-s-55-250mm-f-4-0-5-6-is-ii-telephoto-zoom-lens-for-digital-slr-cameras/1309652273.p,90.35
http://www.newegg.com/Product/Product.aspx?Item=9SIA0ZS0R99387,http://www.bestbuy.com/site/eos-rebel-t5-digital-slr-camera-with-ef-s-18-55mm-f-3-5-5-6-is-ii-lens/4470028.p,100.00
http://www.newegg.com/Product/Product.aspx?Item=9SIA04D0R19181,http://www.bestbuy.com/site/canon-eos-rebel-t3i-digital-slr-camera-with-18-55mm-lens-bag-16gb-memory-card-extra-55-250mm-lens/9999221200050009.p,51.02
http://www.newegg.com/Product/Product.aspx?Item=9SIA1K50S89743,http://www.bestbuy.com/site/ef-75-300mm-f-4-5-6-iii-zoom-lens-w-2400-case-3-uv-fld-cpl-filters-lens-hood-pouch-tripod/1309180097.p,100.00
http://www.newegg.com/Product/Product.aspx?Item=9SIA29P1009740,http://www.bestbuy.com/site/bundle-d3200-24-2-mp-cmos-dslr-with-18-55mm-f-3-5-5-6-af-s-dx-vr-nikkor-zoom-lens/1306936314.p,100.00
http://www.newegg.com/Product/Product.aspx?Item=9SIA1JX0KC6791,http://www.bestbuy.com/site/eos-60d-18mp-dslr-camera-18-200-f3-5-5-6-is-lens-16gb-dlx-bundle/1305398670.p,100.00
http://www.newegg.com/Product/Product.aspx?Item=9SIA1K50T19981,http://www.bestbuy.com/site/d3100-digital-slr-camera-with-18-55mm-and-55-200mm-lens/8864692.p,53.36
http://www.newegg.com/Product/Product.aspx?Item=9SIA0MP0G39279,http://www.bestbuy.com/site/eos-rebel-t5-digital-slr-camera-with-ef-s-18-55mm-f-3-5-5-6-is-ii-lens/4470028.p,95.41
http://www.newegg.com/Product/Product.aspx?Item=9SIA0ZS0R66228,http://www.bestbuy.com/site/eos-rebel-t5i-18-0-megapixel-dslr-camera-body-only/8437056.p,83.05
http://www.newegg.com/Product/Product.aspx?Item=9SIA0ZX1AU6162,http://www.bestbuy.com/site/professional-xqd-usb-3-0-reader/1306307763.p,79.99
http://www.newegg.com/Product/Product.aspx?Item=9SIA29P0XZ6563,http://www.bestbuy.com/site/d3100-digital-slr-camera-with-18-55mm-and-55-200mm-lens/8864692.p,98.99
http://www.newegg.com/Product/Product.aspx?Item=9SIA0ZS18R5088,http://www.bestbuy.com/site/bundle-eos-rebel-t3i-digital-camera-with-ef-s-18-55mm-is-ii-lens-kit/1306280301.p,100.00
http://www.newegg.com/Product/Product.aspx?Item=9SIA29P1BU4301,http://www.bestbuy.com/site/eos-rebel-t5-digital-slr-camera-with-ef-s-18-55mm-f-3-5-5-6-is-ii-lens/4470028.p,100.00
http://www.newegg.com/Product/Product.aspx?Item=9SIA29P13W7698,http://www.bestbuy.com/site/d3000-10-2mp-digital-slr-camera-body-25460/1308268024.p,100.00
http://www.newegg.com/Product/Product.aspx?Item=9SIA1K50SN0272,,
http://www.newegg.com/Product/Product.aspx?Item=9SIA1K519S0596,http://www.bestbuy.com/site/d3000-10-2-mp-camera-w-18-55mm-vr-lens-55-200mm-vr/1307755785.p,92.41
http://www.newegg.com/Product/Product.aspx?Item=9SIA04D0RH0068,http://www.bestbuy.com/site/eos-rebel-t5-digital-slr-camera-with-ef-s-18-55mm-f-3-5-5-6-is-ii-lens/4470028.p,100.00
http://www.newegg.com/Product/Product.aspx?Item=9SIA0ZS0HD0606,http://www.bestbuy.com/site/eos-60d-18-mp-cmos-digital-slr-camera-with-ef-s-18-55mm-f-3-5-5-6-is-lens-ef-75-300mm/1306005416.p,100.00
http://www.newegg.com/Product/Product.aspx?Item=9SIA29P1003877,http://www.bestbuy.com/site/bundle-d3200-24-2-mp-cmos-dslr-with-18-55mm-f-3-5-5-6-af-s-dx-vr-nikkor-zoom-lens/1306936314.p,100.00
http://www.newegg.com/Product/Product.aspx?Item=9SIA0ZS0R66225,http://www.bestbuy.com/site/eos-rebel-t5-digital-slr-camera-with-ef-s-18-55mm-f-3-5-5-6-is-ii-lens/4470028.p,100.00
http://www.newegg.com/Product/Product.aspx?Item=9SIA0ZS0R99262,,
http://www.newegg.com/Product/Product.aspx?Item=9SIA04D0RC9933,http://www.bestbuy.com/site/eos-rebel-t5-digital-slr-camera-with-ef-s-18-55mm-f-3-5-5-6-is-ii-lens/4470028.p,100.00
http://www.newegg.com/Product/Product.aspx?Item=9SIA13X0YV9557,,
http://www.newegg.com/Product/Product.aspx?Item=9SIA1K50T19965,,
http://www.newegg.com/Product/Product.aspx?Item=9SIA04D0RH0071,http://www.bestbuy.com/site/eos-rebel-t5-digital-slr-camera-with-ef-s-18-55mm-f-3-5-5-6-is-ii-lens/4470028.p,100.00
http://www.newegg.com/Product/Product.aspx?Item=9SIA0MP0G38931,http://www.bestbuy.com/site/eos-rebel-t3-digital-slr-camera-with-18-55mm-is-lens/1987075.p,92.52
http://www.newegg.com/Product/Product.aspx?Item=9SIA29P1892703,http://www.bestbuy.com/site/k-30-16-3-megapixel-dslr-camera-body-only-black/1306146959.p,55.37
http://www.newegg.com/Product/Product.aspx?Item=9SIA0ZS18R5078,http://www.bestbuy.com/site/bundle-eos-rebel-t3i-digital-camera-with-ef-s-18-55mm-is-ii-lens-kit/1306280301.p,100.00
http://www.newegg.com/Product/Product.aspx?Item=9SIA0ZS0R99303,http://www.bestbuy.com/site/eos-rebel-t5-digital-slr-camera-with-ef-s-18-55mm-f-3-5-5-6-is-ii-lens/4470028.p,100.00
http://www.newegg.com/Product/Product.aspx?Item=9SIA33C1A45006,,
http://www.newegg.com/Product/Product.aspx?Item=9SIA29P0Y15043,http://www.bestbuy.com/site/eos-rebel-t5-digital-slr-camera-with-ef-s-18-55mm-f-3-5-5-6-is-ii-lens/4470028.p,100.00
http://www.newegg.com/Product/Product.aspx?Item=9SIA29P0YU4871,http://www.bestbuy.com/site/d3200-digital-slr-camera-18-55mm-g-vr-dx-af-s-55-300mm-vr-zoom-lens/1306443287.p,100.00
http://www.newegg.com/Product/Product.aspx?Item=9SIA1K50F32554,http://www.bestbuy.com/site/eos-60d-18-mp-cmos-digital-slr-camera-with-ef-s-18-55mm-f-3-5-5-6-is-lens-ef-75-300mm/1306005416.p,67.21
http://www.newegg.com/Product/Product.aspx?Item=9SIA04D0RH0065,http://www.bestbuy.com/site/eos-rebel-t5-digital-slr-camera-with-ef-s-18-55mm-f-3-5-5-6-is-ii-lens/4470028.p,100.00
http://www.newegg.com/Product/Product.aspx?Item=9SIA1J718W4518,,
http://www.newegg.com/Product/Product.aspx?Item=9SIA1T511V5945,,
http://www.newegg.com/Product/Product.aspx?Item=9SIA1K50ZJ8858,,
http://www.newegg.com/Product/Product.aspx?Item=9SIA1K50SM1377,http://www.bestbuy.com/site/bundle-x-e1-body-only-black-digital-camera/1309045037.p,64.56
http://www.newegg.com/Product/Product.aspx?Item=9SIA0ZS0R99273,http://www.bestbuy.com/site/ef-s-18-135mm-f-3-5-5-6-is-stm-standard-zoom-lens/7037102.p,95.51
http://www.newegg.com/Product/Product.aspx?Item=9SIA13X0UN1807,http://www.bestbuy.com/site/16-3-megapixel-digital-slr-camera-body-with-lens-kit-18-mm-55-mm-and-50-mm-200-mm-lens/1308688846.p,51.66
http://www.newegg.com/Product/Product.aspx?Item=9SIA0ZS0RN6489,http://www.bestbuy.com/site/eos-rebel-t5-digital-slr-camera-with-ef-s-18-55mm-f-3-5-5-6-is-ii-lens/4470028.p,100.00
http://www.newegg.com/Product/Product.aspx?Item=9SIA29P0YE1758,http://www.bestbuy.com/site/bundle-d5200-24-1-mp-cmos-dslr-camera-with-18-55mm-f-3-5-5-6g-af-s-dx-vr-lens/1306936284.p,100.00
http://www.newegg.com/Product/Product.aspx?Item=9SIA29P0XE2612,http://www.bestbuy.com/site/bundle-d5200-24-1-mp-cmos-camera-bronze-with-18-55mm-f-3-5-5-6g-af-s-dx-vr-lens/1309633357.p,100.00
http://www.newegg.com/Product/Product.aspx?Item=9SIA1K50ZK2562,http://www.bestbuy.com/site/bundle-eos-rebel-t3i-digital-camera-with-ef-s-18-55mm-is-ii-lens-kit/1306280301.p,100.00
http://www.newegg.com/Product/Product.aspx?Item=9SIA04D0RC9927,http://www.bestbuy.com/site/eos-rebel-t5i-digital-slr-camera-with-18-135mm-is-stm-lens/8154204.p,95.60
http://www.newegg.com/Product/Product.aspx?Item=9SIA0ZS0ZM4572,http://www.bestbuy.com/site/eos-rebel-t3-cam-ef-s-18-55-is-ii-lens-55-250-is-lens-32gb-card-45x-lens-tele-lens-batt-fltr-tripod/1307989227.p,82.86
http://www.newegg.com/Product/Product.aspx?Item=9SIA1J20NT5912,http://www.bestbuy.com/site/d3200-digital-slr-camera-with-18-55mm-vr-lens/4826999.p,100.00
http://www.newegg.com/Product/Product.aspx?Item=9SIA22A18A4499,http://www.bestbuy.com/site/eos-rebel-t5-digital-slr-camera-with-ef-s-18-55mm-f-3-5-5-6-is-ii-lens/4470028.p,100.00
http://www.newegg.com/Product/Product.aspx?Item=9SIA1K50F09666,http://www.bestbuy.com/site/powershot-sx40-hs-black-12-1-megapixel-digital-camera/3098129.p,95.00
http://www.newegg.com/Product/Product.aspx?Item=9SIA2GA0V85558,http://www.bestbuy.com/site/d3200-digital-slr-camera-with-18-55mm-vr-lens/5192349.p,100.00
http://www.newegg.com/Product/Product.aspx?Item=9SIA0ZS0YV4089,http://www.bestbuy.com/site/eos-rebel-t5-digital-slr-camera-with-ef-s-18-55mm-f-3-5-5-6-is-ii-lens/4470028.p,100.00
http://www.newegg.com/Product/Product.aspx?Item=9SIA0ZS0R92502,http://www.bestbuy.com/site/eos-60d-18-mp-cmos-digital-slr-camera-with-ef-s-18-55mm-f-3-5-5-6-is-lens-ef-75-300mm/1306005416.p,100.00
http://www.newegg.com/Product/Product.aspx?Item=9SIA0ZS18R4614,http://www.bestbuy.com/site/eos-rebel-t5i-digital-slr-camera-with-18-55mm-is-stm-lens/8154046.p,84.85
http://www.newegg.com/Product/Product.aspx?Item=9SIA0ZS0FU7916,http://www.bestbuy.com/site/eos-5d-mark-iii-digital-slr-camera-with-24-105mm-f-4l-is-lens/4839205.p,65.89
http://www.newegg.com/Product/Product.aspx?Item=9SIA1J713D8907,,
http://www.newegg.com/Product/Product.aspx?Item=9SIA0MP0NY5401,http://www.bestbuy.com/site/k-30-16-3-megapixel-dslr-camera-with-18-55mm-lens-white/1306146980.p,91.22
http://www.newegg.com/Product/Product.aspx?Item=9SIA1CZ0SG9313,http://www.bestbuy.com/site/14-2-megapixel-digital-slr-camera-body-with-lens-kit-18-mm-55-mm-and-55-mm-300-mm-lens/1305918717.p,87.25
http://www.newegg.com/Product/Product.aspx?Item=9SIA0ZS0G97358,http://www.bestbuy.com/site/powershot-g1-x-14-3-megapixel-digital-camera/4810725.p,87.25
http://www.newegg.com/Product/Product.aspx?Item=9SIA1K50F33301,http://www.bestbuy.com/site/ef-75-300mm-f-4-5-6-iii-telephoto-zoom-lens/1307217481.p,91.61
http://www.newegg.com/Product/Product.aspx?Item=9SIA04D0RC9924,http://www.bestbuy.com/site/eos-rebel-t5-digital-slr-camera-with-ef-s-18-55mm-f-3-5-5-6-is-ii-lens/4470028.p,100.00
http://www.newegg.com/Product/Product.aspx?Item=9SIA1K50SM1370,http://www.bestbuy.com/site/bundle-x-e1-kit-18-55mm-lens-silver-digital-camera/1309045006.p,100.00
http://www.newegg.com/Product/Product.aspx?Item=9SIA0ZS1924364,http://www.bestbuy.com/site/eos-rebel-t5i-digital-slr-camera-with-18-55mm-is-stm-lens/8154046.p,100.00
http://www.newegg.com/Product/Product.aspx?Item=9SIA1T50NV7241,http://www.bestbuy.com/site/gearguard-36-cable-with-combination-lock/7254054.p,74.28
http://www.newegg.com/Product/Product.aspx?Item=9SIA1CZ1C21178,http://www.bestbuy.com/site/bundle-d3200-24-2-mp-cmos-dslr-with-18-55mm-f-3-5-5-6-af-s-dx-vr-nikkor-zoom-lens/1306936314.p,100.00
http://www.newegg.com/Product/Product.aspx?Item=9SIA0ZS0HW3434,http://www.bestbuy.com/site/bundle-ef-s-55-250mm-f-4-0-5-6-is-ii-telephoto-zoom-lens-for-digital-slr-cameras/1309652266.p,100.00
http://www.newegg.com/Product/Product.aspx?Item=9SIA1K514P0350,http://www.bestbuy.com/site/ef-s-18-135mm-f-3-5-5-6-is-stm-standard-zoom-lens/7037102.p,100.00
http://www.newegg.com/Product/Product.aspx?Item=9SIA29P17C9331,http://www.bestbuy.com/site/refurbished-d5200-24-1-mp-cmos-digital-slr-camera-w-18-55mm-f-3-5-5-6g-af-s-dx-vr-lens/1308031901.p,100.00
http://www.newegg.com/Product/Product.aspx?Item=9SIA29P0X96759,http://www.bestbuy.com/site/eos-rebel-t5-digital-slr-camera-with-ef-s-18-55mm-f-3-5-5-6-is-ii-lens/4470028.p,100.00
http://www.newegg.com/Product/Product.aspx?Item=9SIA1J20MV7835,http://www.bestbuy.com/site/alpha-a99-digital-slr-camera-body-only/6848206.p,98.75
http://www.newegg.com/Product/Product.aspx?Item=9SIA1K514P0353,http://www.bestbuy.com/site/ef-s-18-135mm-f-3-5-5-6-is-stm-standard-zoom-lens/7037102.p,100.00
http://www.newegg.com/Product/Product.aspx?Item=9SIA0ZS0R92771,http://www.bestbuy.com/site/eos-rebel-t5-digital-slr-camera-with-ef-s-18-55mm-f-3-5-5-6-is-ii-lens/4470028.p,100.00
http://www.newegg.com/Product/Product.aspx?Item=9SIA1K50SF7169,http://www.bestbuy.com/site/eos-rebel-t5-digital-slr-camera-with-ef-s-18-55mm-f-3-5-5-6-is-ii-lens/4470028.p,100.00
http://www.newegg.com/Product/Product.aspx?Item=9SIA0ZS1053904,http://www.bestbuy.com/site/eos-5d-mark-iii-digital-slr-camera-with-24-105mm-f-4l-is-lens/4839205.p,89.77
http://www.newegg.com/Product/Product.aspx?Item=9SIA0ZS0RN8645,http://www.bestbuy.com/site/eos-rebel-t5-digital-slr-camera-with-ef-s-18-55mm-f-3-5-5-6-is-ii-lens/4470028.p,100.00
http://www.newegg.com/Product/Product.aspx?Item=9SIA1K50JP1251,http://www.bestbuy.com/site/eos-60d-18-mp-cmos-digital-slr-camera-with-ef-s-18-55mm-f-3-5-5-6-is-lens-ef-75-300mm/1306005416.p,100.00
http://www.newegg.com/Product/Product.aspx?Item=9SIA1K50SF1889,http://www.bestbuy.com/site/bundle-eos-rebel-t3i-digital-camera-with-ef-s-18-55mm-is-ii-lens-kit/1306280301.p,100.00
http://www.newegg.com/Product/Product.aspx?Item=9SIA0ZS0R93007,http://www.bestbuy.com/site/eos-rebel-t5-digital-slr-camera-with-ef-s-18-55mm-f-3-5-5-6-is-ii-lens/4470028.p,100.00
http://www.newegg.com/Product/Product.aspx?Item=9SIA29P1156133,http://www.bestbuy.com/site/eos-60d-18-mp-cmos-digital-slr-camera-with-ef-s-18-55mm-f-3-5-5-6-is-lens-ef-75-300mm/1306005416.p,96.74
http://www.newegg.com/Product/Product.aspx?Item=9SIA1K51BY6565,,
http://www.newegg.com/Product/Product.aspx?Item=9SIA1J20PF2993,http://www.bestbuy.com/site/alpha-a58-digital-slr-camera-with-18-55mm-lens/8753642.p,100.00
http://www.newegg.com/Product/Product.aspx?Item=9SIA1T513J0902,,
http://www.newegg.com/Product/Product.aspx?Item=9SIA13X0UM5881,http://www.bestbuy.com/site/k-5-ii-digital-slr-camera-with-18-135mm-lens/7439054.p,62.42
http://www.newegg.com/Product/Product.aspx?Item=9SIA1T50NV5737,,
http://www.newegg.com/Product/Product.aspx?Item=9SIA1T50RA3754,,
http://www.newegg.com/Product/Product.aspx?Item=9SIA0ZS1924436,http://www.bestbuy.com/site/bundle-eos-rebel-t3i-digital-camera-with-ef-s-18-55mm-is-ii-lens-kit/1306280301.p,89.56
http://www.newegg.com/Product/Product.aspx?Item=9SIA1JX0KC7121,http://www.bestbuy.com/site/canon-eos-rebel-t3i-digital-slr-camera-with-18-55mm-lens-bag-16gb-memory-card-extra-55-250mm-lens/9999221200050009.p,93.58
http://www.newegg.com/Product/Product.aspx?Item=9SIA29P0YW6806,http://www.bestbuy.com/site/bundle-eos-rebel-t5i-18-0-mp-cmos-digital-camera-with-3-inch-touchscreen/1309633210.p,79.81
http://www.newegg.com/Product/Product.aspx?Item=9SIA29P0X96788,http://www.bestbuy.com/site/ef-s-18-135mm-f-3-5-5-6-is-standard-zoom-lens/9553645.p,100.00
http://www.newegg.com/Product/Product.aspx?Item=9SIA1JX0KC6798,http://www.bestbuy.com/site/eos-rebel-t3-digital-slr-camera-with-18-55mm-is-lens/1987075.p,61.28
http://www.newegg.com/Product/Product.aspx?Item=9SIA1JX0KC6690,http://www.bestbuy.com/site/eos-rebel-t3i-cam-ef-s-18-55-is-ii-lens-75-300-lens-16gb-card-tripod-case-filter-telephoto-lens-kit/1308284604.p,83.65
http://www.newegg.com/Product/Product.aspx?Item=9SIA1K50PS6003,http://www.bestbuy.com/site/eos-rebel-18-megapixel-digital-slr-camera-body-with-lens-kit-18-mm-55-mm-and-55-mm-250-mm-lens/1309450312.p,86.02
http://www.newegg.com/Product/Product.aspx?Item=9SIA29P0XE1498,http://www.bestbuy.com/site/bundle-d5200-24-1-mp-cmos-dslr-camera-with-18-55mm-f-3-5-5-6g-af-s-dx-vr-lens/1306936284.p,100.00
http://www.newegg.com/Product/Product.aspx?Item=9SIA1K50KG3245,http://www.bestbuy.com/site/eos-rebel-t5-digital-slr-camera-with-ef-s-18-55mm-f-3-5-5-6-is-ii-lens/4470028.p,100.00
http://www.newegg.com/Product/Product.aspx?Item=9SIA1K50HJ1666,http://www.bestbuy.com/site/k-5-16-3-megapixel-digital-slr-camera-body-only/1307762615.p,97.93
http://www.newegg.com/Product/Product.aspx?Item=9SIA29P0XW9191,http://www.bestbuy.com/site/bundle-d3200-24-2-mp-cmos-dslr-with-18-55mm-f-3-5-5-6-af-s-dx-vr-nikkor-zoom-lens/1306936314.p,100.00
http://www.newegg.com/Product/Product.aspx?Item=9SIA1K50SF1949,http://www.bestbuy.com/site/eos-rebel-sl1-digital-slr-camera-with-18-55mm-is-stm-lens/8153056.p,83.88
http://www.newegg.com/Product/Product.aspx?Item=9SIA1T50NV8871,,
http://www.newegg.com/Product/Product.aspx?Item=9SIA36V1AR7865,http://www.bestbuy.com/site/lumix-ts25-16-1-megapixel-digital-camera/1306104478.p,57.83
http://www.newegg.com/Product/Product.aspx?Item=9SIA0ZS1C40656,http://www.bestbuy.com/site/eos-rebel-sl1-digital-slr-camera-with-18-55mm-is-stm-lens/8153056.p,100.00
http://www.newegg.com/Product/Product.aspx?Item=9SIA0ZS1A71317,http://www.bestbuy.com/site/eos-7d-digital-slr-camera-with-28-135mm-is-lens/9491935.p,87.63
http://www.newegg.com/Product/Product.aspx?Item=9SIA04D0R19212,,
http://www.newegg.com/Product/Product.aspx?Item=9SIA0ZS18Y4674,http://www.bestbuy.com/site/eos-rebel-t5i-18-0-megapixel-dslr-camera-body-only/8437056.p,51.14
http://www.newegg.com/Product/Product.aspx?Item=9SIA29P1347339,,
http://www.newegg.com/Product/Product.aspx?Item=9SIA0ZS0FE0547,http://www.bestbuy.com/site/eos-60d-digital-slr-camera-body-only/1222177.p,56.57
http://www.newegg.com/Product/Product.aspx?Item=9SIA1J20M52531,http://www.bestbuy.com/site/d800e-dslr-camera-body-only/5483754.p,90.00
http://www.newegg.com/Product/Product.aspx?Item=9SIA0ZS0FS7109,http://www.bestbuy.com/site/eos-rebel-t3i-digital-slr-camera-with-18-55mm-is-lens/1980124.p,85.67
http://www.newegg.com/Product/Product.aspx?Item=9SIA2GA0V84531,http://www.bestbuy.com/site/refurbished-12-3-megapixel-digital-slr-camera-body-only/1309362448.p,100.00
http://www.newegg.com/Product/Product.aspx?Item=9SIA0ZS1133230,http://www.bestbuy.com/site/ef-s-18-135mm-f-3-5-5-6-is-stm-standard-zoom-lens/7037102.p,98.75
http://www.newegg.com/Product/Product.aspx?Item=9SIA1K50T20000,http://www.bestbuy.com/site/d3100-digital-slr-camera-with-18-55mm-vr-lens/3099128.p,52.14
http://www.newegg.com/Product/Product.aspx?Item=9SIA29P0XZ6612,http://www.bestbuy.com/site/refurbished-18mm-200mm-f-3-5-5-6g-ed-if-af-s-dx-vr-ii-wide-angle-telephoto-zoom-nikkor-lens/1306023748.p,75.68
http://www.newegg.com/Product/Product.aspx?Item=9SIA0ZS0RN9635,http://www.bestbuy.com/site/eos-rebel-sl1-digital-slr-camera-body-only/8437083.p,92.66
http://www.newegg.com/Product/Product.aspx?Item=9SIA29P12S4364,http://www.bestbuy.com/site/eos-rebel-t5-digital-slr-camera-with-ef-s-18-55mm-f-3-5-5-6-is-ii-lens/4470028.p,100.00
http://www.newegg.com/Product/Product.aspx?Item=9SIA04D0RC9920,http://www.bestbuy.com/site/eos-rebel-t5i-digital-slr-camera-with-18-135mm-is-stm-lens/8154204.p,95.60
http://www.newegg.com/Product/Product.aspx?Item=9SIA1K50XK4111,,
http://www.newegg.com/Product/Product.aspx?Item=9SIA1K50PP3266,http://www.bestbuy.com/site/lumix-g5-16-1-megapixel-digital-compact-system-camera-with-14-42mm-lens/8790281.p,50.00
http://www.newegg.com/Product/Product.aspx?Item=9SIA1K50S89712,http://www.bestbuy.com/site/ef-75-300mm-f-4-5-6-iii-zoom-lens-w-2400-case-3-uv-fld-cpl-filters-lens-hood-pouch-tripod/1309180097.p,93.29
http://www.newegg.com/Product/Product.aspx?Item=9SIA0ZS0FT6064,http://www.bestbuy.com/site/eos-rebel-sl1-digital-slr-camera-body-only/8437083.p,58.35
http://www.newegg.com/Product/Product.aspx?Item=9SIA04D0RC9930,http://www.bestbuy.com/site/eos-rebel-t5-digital-slr-camera-with-ef-s-18-55mm-f-3-5-5-6-is-ii-lens/4470028.p,100.00
http://www.newegg.com/Product/Product.aspx?Item=9SIA0ZS0R66229,http://www.bestbuy.com/site/ef-s-18-135mm-f-3-5-5-6-is-stm-standard-zoom-lens/7037102.p,100.00
http://www.newegg.com/Product/Product.aspx?Item=9SIA1J20RE8407,,
http://www.newegg.com/Product/Product.aspx?Item=9SIA29P0Y35664,http://www.bestbuy.com/site/eos-rebel-t5-digital-slr-camera-with-ef-s-18-55mm-f-3-5-5-6-is-ii-lens/4470028.p,100.00
http://www.newegg.com/Product/Product.aspx?Item=9SIA1K514P0349,http://www.bestbuy.com/site/ef-s-18-135mm-f-3-5-5-6-is-stm-standard-zoom-lens/7037102.p,100.00
http://www.newegg.com/Product/Product.aspx?Item=9SIA29P1003081,http://www.bestbuy.com/site/bundle-eos-70d-ef-s-18-55mm-is-stm-kit/1309632770.p,92.52
http://www.newegg.com/Product/Product.aspx?Item=9SIA0ZS0R92965,http://www.bestbuy.com/site/eos-rebel-t5-digital-slr-camera-with-ef-s-18-55mm-f-3-5-5-6-is-ii-lens/4470028.p,100.00
http://www.newegg.com/Product/Product.aspx?Item=9SIA29P1003880,http://www.bestbuy.com/site/bundle-d3200-24-2-mp-cmos-dslr-with-18-55mm-f-3-5-5-6-af-s-dx-vr-nikkor-zoom-lens/1306936314.p,100.00
http://www.newegg.com/Product/Product.aspx?Item=9SIA0ZS1009913,http://www.bestbuy.com/site/eos-70d-dslr-camera-ef-s-18-135-is-stm-lens-32gb-crd-batt-case-tripod-flash-tele-wide-lenses-acc-kit/1309318360.p,90.75
http://www.newegg.com/Product/Product.aspx?Item=9SIA29P0XE2343,http://www.bestbuy.com/site/bundle-d3200-24-2-mp-cmos-dslr-with-18-55mm-f-3-5-5-6-af-s-dx-vr-nikkor-zoom-lens/1306936314.p,100.00
http://www.newegg.com/Product/Product.aspx?Item=N82E16830113584,http://www.bestbuy.com/site/bundle-d5200-24-1-mp-cmos-digital-slr-camera-bronze-with-18-55mm-f-3-5-5-6g-af-s-dx-vr-lens/1309145225.p,100.00
http://www.newegg.com/Product/Product.aspx?Item=9SIA29P13W8702,http://www.bestbuy.com/site/d3200-digital-slr-camera-18-55mm-g-vr-dx-af-s-55-200mm-zoom-lens/1306443027.p,100.00
http://www.newegg.com/Product/Product.aspx?Item=9SIA04D0RH0069,http://www.bestbuy.com/site/eos-rebel-t5-digital-slr-camera-with-ef-s-18-55mm-f-3-5-5-6-is-ii-lens/4470028.p,100.00
http://www.newegg.com/Product/Product.aspx?Item=9SIA29P0YV0504,http://www.bestbuy.com/site/refurbished-d5200-24-1-mp-cmos-digital-slr-camera-w-18-55mm-f-3-5-5-6g-af-s-dx-vr-lens/1308031901.p,100.00
http://www.newegg.com/Product/Product.aspx?Item=9SIA04D0RH0063,http://www.bestbuy.com/site/eos-rebel-t5-digital-slr-camera-with-ef-s-18-55mm-f-3-5-5-6-is-ii-lens/4470028.p,100.00
http://www.newegg.com/Product/Product.aspx?Item=9SIA0ZS0R66226,http://www.bestbuy.com/site/eos-rebel-t5-digital-slr-camera-with-ef-s-18-55mm-f-3-5-5-6-is-ii-lens/4470028.p,100.00
http://www.newegg.com/Product/Product.aspx?Item=9SIA0ZS0FV4431,http://www.bestbuy.com/site/eos-rebel-t3i-digital-slr-camera-with-18-55mm-is-lens/1980124.p,89.28
http://www.newegg.com/Product/Product.aspx?Item=9SIA29P0X98251,http://www.bestbuy.com/site/eos-rebel-t5-digital-slr-camera-with-ef-s-18-55mm-f-3-5-5-6-is-ii-lens/4470028.p,100.00
http://www.newegg.com/Product/Product.aspx?Item=9SIA0ZS0R99265,http://www.bestbuy.com/site/eos-rebel-t3i-digital-slr-camera-with-18-55mm-is-lens/1980124.p,89.28
http://www.newegg.com/Product/Product.aspx?Item=9SIA0ZS0HD0607,http://www.bestbuy.com/site/eos-60d-18-mp-cmos-digital-slr-camera-with-ef-s-18-55mm-f-3-5-5-6-is-lens-ef-75-300mm/1306005416.p,100.00
http://www.newegg.com/Product/Product.aspx?Item=9SIA1T514K3516,,
http://www.newegg.com/Product/Product.aspx?Item=9SIA2GA1050856,http://www.bestbuy.com/site/eos-70d-digital-slr-camera-body-only-black/8896099.p,55.60
http://www.newegg.com/Product/Product.aspx?Item=9SIA0ZS10T8696,,
http://www.newegg.com/Product/Product.aspx?Item=9SIA0ZS0R92003,http://www.bestbuy.com/site/eos-7d-digital-slr-camera-body-only/9491944.p,97.30
http://www.newegg.com/Product/Product.aspx?Item=9SIA1K50SZ9060,http://www.bestbuy.com/site/k-5-16-3-megapixel-digital-slr-camera-body-only/1307762615.p,99.56
http://www.newegg.com/Product/Product.aspx?Item=9SIA29P1182141,http://www.bestbuy.com/site/eos-70d-camera-ef-s-18-55-is-stm-lens-75-300-lens-32gb-card-battery-case-tripod-flash/1309318353.p,51.30
http://www.newegg.com/Product/Product.aspx?Item=9SIA0ZS0R92760,http://www.bestbuy.com/site/ef-s-18-200mm-f-3-5-5-6-is-standard-zoom-lens/9065174.p,100.00
http://www.newegg.com/Product/Product.aspx?Item=9SIA1T50P36671,,
http://www.newegg.com/Product/Product.aspx?Item=9SIA1K50PS6031,http://www.bestbuy.com/site/eos-rebel-18-megapixel-digital-slr-camera-body-with-lens-kit-18-mm-55-mm-and-75-mm-300-mm-lens/1309450336.p,83.19
http://www.newegg.com/Product/Product.aspx?Item=9SIA1K50SF7187,http://www.bestbuy.com/site/eos-rebel-t5i-digital-slr-camera-with-18-55mm-is-stm-lens/8154046.p,81.35
http://www.newegg.com/Product/Product.aspx?Item=9SIA04D0RH0073,http://www.bestbuy.com/site/eos-rebel-t5-digital-slr-camera-with-ef-s-18-55mm-f-3-5-5-6-is-ii-lens/4470028.p,100.00
http://www.newegg.com/Product/Product.aspx?Item=9SIA0ZS17N4015,http://www.bestbuy.com/site/bundle-eos-rebel-t3i-digital-camera-with-ef-s-18-55mm-is-ii-lens-kit/1306280301.p,56.71
http://www.newegg.com/Product/Product.aspx?Item=9SIA0ZS0HC7719,http://www.bestbuy.com/site/eos-rebel-t5-digital-slr-camera-with-ef-s-18-55mm-f-3-5-5-6-is-ii-lens/4470028.p,100.00
http://www.newegg.com/Product/Product.aspx?Item=9SIA1JX0KC6780,http://www.bestbuy.com/site/ef-28-8211135mm-f-3-5-82115-6-is-usm-standard-zoom-lens-black/5450326.p,100.00
http://www.newegg.com/Product/Product.aspx?Item=9SIA29P0XM8987,http://www.bestbuy.com/site/d3200-digital-slr-camera-18-55mm-g-vr-dx-af-s-55-200mm-zoom-lens/1306443027.p,93.58
http://www.newegg.com/Product/Product.aspx?Item=9SIA29P16K5991,http://www.bestbuy.com/site/eos-1d-x-digital-slr-camera-body-only/6304299.p,61.28
http://www.newegg.com/Product/Product.aspx?Item=9SIA0MP0G39250,http://www.bestbuy.com/site/eos-rebel-t5-digital-slr-camera-with-ef-s-18-55mm-f-3-5-5-6-is-ii-lens/4470028.p,96.57
http://www.newegg.com/Product/Product.aspx?Item=9SIA0ZS18R5080,http://www.bestbuy.com/site/bundle-eos-rebel-t3i-digital-camera-with-ef-s-18-55mm-is-ii-lens-kit/1306280301.p,100.00
http://www.newegg.com/Product/Product.aspx?Item=9SIA1K50T19976,http://www.bestbuy.com/site/alpha-a58-digital-slr-camera-with-18-55mm-lens/8753642.p,53.80
http://www.newegg.com/Product/Product.aspx?Item=9SIA1T50NW1327,,
http://www.newegg.com/Product/Product.aspx?Item=9SIA29P0YU4878,http://www.bestbuy.com/site/eos-60d-digital-slr-camera-with-18-200mm-is-lens/3141051.p,88.21
http://www.newegg.com/Product/Product.aspx?Item=9SIA04D0RH0066,http://www.bestbuy.com/site/eos-rebel-t5-digital-slr-camera-with-ef-s-18-55mm-f-3-5-5-6-is-ii-lens/4470028.p,100.00
http://www.newegg.com/Product/Product.aspx?Item=9SIA1K514P0348,http://www.bestbuy.com/site/eos-rebel-t3i-18mp-dslr-camera-ef-s-18-55mm-f-3-5-5-6-is-type-ii-lens-ef-s-55-250mm/1309436095.p,100.00
http://www.newegg.com/Product/Product.aspx?Item=9SIA2GA0V86738,http://www.bestbuy.com/site/bundle-d7000-16-2mp-1080-hd-digital-slr-camera-body-25468/1309632718.p,91.22
http://www.newegg.com/Product/Product.aspx?Item=9SIA0ZS0R99365,http://www.bestbuy.com/site/eos-rebel-t5-digital-slr-camera-with-ef-s-18-55mm-f-3-5-5-6-is-ii-lens/4470028.p,100.00
http://www.newegg.com/Product/Product.aspx?Item=9SIA1T511V5734,,
http://www.newegg.com/Product/Product.aspx?Item=9SIA0ZS0R93022,http://www.bestbuy.com/site/eos-rebel-t3i-digital-slr-camera-with-18-55mm-is-lens/1980124.p,81.39
http://www.newegg.com/Product/Product.aspx?Item=9SIA29P0ZM8217,,
http://www.newegg.com/Product/Product.aspx?Item=9SIA29P0YU3864,http://www.bestbuy.com/site/bundle-d5200-24-1-mp-cmos-dslr-camera-with-18-55mm-f-3-5-5-6g-af-s-dx-vr-lens/1306936284.p,100.00
http://www.newegg.com/Product/Product.aspx?Item=9SIA1K50F42284,http://www.bestbuy.com/site/refurbished-d5100-16-2mp-cmos-digital-slr-camera-with-18-55mm-lens/1305927436.p,97.32
http://www.newegg.com/Product/Product.aspx?Item=9SIA0ZS0R99276,http://www.bestbuy.com/site/eos-rebel-t5i-18-0-megapixel-dslr-camera-body-only/8437056.p,83.05
http://www.newegg.com/Product/Product.aspx?Item=9SIA2GA15F6669,,
http://www.newegg.com/Product/Product.aspx?Item=9SIA1K50S35906,http://www.bestbuy.com/site/refurbished-16-2-megapixel-digital-slr-camera-body-only/1308031970.p,95.00
http://www.newegg.com/Product/Product.aspx?Item=9SIA1J21BW9429,http://www.bestbuy.com/site/bundle-d5200-24-1-mp-cmos-digital-slr-camera-black-with-18-55mm-f-3-5-5-6g-af-s-dx-vr-lens/1309145232.p,97.78
http://www.newegg.com/Product/Product.aspx?Item=9SIA0ZS18R5043,http://www.bestbuy.com/site/eos-rebel-t3i-18mp-dslr-camera-ef-s-18-55mm-type-ii-lens-kit-75-300mm-ef-iii-zoom-lens-usa/1309436101.p,78.03
http://www.newegg.com/Product/Product.aspx?Item=9SIA31U1175722,http://www.bestbuy.com/site/eos-6d-digital-slr-camera-with-24-105mm-f-4l-is-lens/6776249.p,100.00
http://www.newegg.com/Product/Product.aspx?Item=9SIA0ZS0FD9301,http://www.bestbuy.com/site/ef-s-18-135mm-f-3-5-5-6-is-standard-zoom-lens/9553645.p,100.00
http://www.newegg.com/Product/Product.aspx?Item=9SIA1J20PF3128,http://www.bestbuy.com/site/refurbished-d800-digital-slr-camera-body/1308031987.p,62.88
http://www.newegg.com/Product/Product.aspx?Item=9SIA1K514P0612,http://www.bestbuy.com/site/eos-70d-dslr-camera-ef-s-18-135-is-stm-lens-32gb-crd-batt-case-tripod-flash-tele-wide-lenses-acc-kit/1309318360.p,78.03
http://www.newegg.com/Product/Product.aspx?Item=9SIA0ZX1011114,,
http://www.newegg.com/Product/Product.aspx?Item=9SIA1K50PV5523,http://www.bestbuy.com/site/alpha-slt-a65vk-24-3-megapixel-dslr-camera-with-18-55mm-zoom-lens-black/1308093770.p,100.00
http://www.newegg.com/Product/Product.aspx?Item=9SIA04D0RC9926,http://www.bestbuy.com/site/eos-rebel-t5-digital-slr-camera-with-ef-s-18-55mm-f-3-5-5-6-is-ii-lens/4470028.p,100.00
http://www.newegg.com/Product/Product.aspx?Item=9SIA1T514B1925,,
http://www.newegg.com/Product/Product.aspx?Item=9SIA1K514P0352,http://www.bestbuy.com/site/eos-rebel-t5i-18-0-megapixel-dslr-camera-body-only/8437056.p,52.40
http://www.newegg.com/Product/Product.aspx?Item=9SIA0ZS1924439,http://www.bestbuy.com/site/eos-rebel-t5i-digital-slr-camera-with-18-55mm-is-stm-lens/8154046.p,86.42
http://www.newegg.com/Product/Product.aspx?Item=9SIA1JX0KC6715,http://www.bestbuy.com/site/bundle-eos-rebel-t3-12-2mp-dslr-camera-18-55mm-is-ii-lens-black-5157b002/1306115931.p,100.00
http://www.newegg.com/Product/Product.aspx?Item=9SIA13X0US5985,,
http://www.newegg.com/Product/Product.aspx?Item=9SIA1T511V6051,,
http://www.newegg.com/Product/Product.aspx?Item=9SIA0ZS18R4268,http://www.bestbuy.com/site/bundle-eos-rebel-t3i-digital-camera-with-ef-s-18-55mm-is-ii-lens-kit/1306280301.p,100.00
http://www.newegg.com/Product/Product.aspx?Item=9SIA0ZS0RN8113,http://www.bestbuy.com/site/eos-rebel-sl1-digital-slr-camera-body-only/8437083.p,92.66
http://www.newegg.com/Product/Product.aspx?Item=9SIA1K50PS6060,http://www.bestbuy.com/site/eos-rebel-t5i-digital-slr-camera-with-18-55mm-is-stm-lens/8154046.p,98.56
http://www.newegg.com/Product/Product.aspx?Item=9SIA29P17C9328,http://www.bestbuy.com/site/refurbished-d5200-24-1-mp-cmos-digital-slr-camera-w-18-55mm-f-3-5-5-6g-af-s-dx-vr-lens/1308031901.p,100.00
http://www.newegg.com/Product/Product.aspx?Item=9SIA1K514J5666,http://www.bestbuy.com/site/eos-rebel-t3i-digital-slr-camera-with-18-55mm-is-lens/1980124.p,100.00
http://www.newegg.com/Product/Product.aspx?Item=9SIA1K51BY4725,http://www.bestbuy.com/site/k-5-16-3-megapixel-digital-slr-camera-body-only/1307762615.p,50.00
http://www.newegg.com/Product/Product.aspx?Item=9SIA13X0UM5859,,
http://www.newegg.com/Product/Product.aspx?Item=9SIA1K50R62828,http://www.bestbuy.com/site/alpha-a65-digital-slr-camera-with-18-55mm-lens/2365129.p,71.82
http://www.newegg.com/Product/Product.aspx?Item=9SIA1T50NV6824,,
http://www.newegg.com/Product/Product.aspx?Item=9SIA1K50SF7120,http://www.bestbuy.com/site/eos-rebel-t5-digital-slr-camera-with-ef-s-18-55mm-f-3-5-5-6-is-ii-lens/4470028.p,100.00
http://www.newegg.com/Product/Product.aspx?Item=9SIA1T50NV5890,,
http://www.newegg.com/Product/Product.aspx?Item=9SIA24G15U9111,,
http://www.newegg.com/Product/Product.aspx?Item=9SIA29P11F1938,http://www.bestbuy.com/site/eos-rebel-t5i-digital-slr-camera-with-18-135mm-is-stm-lens/8154204.p,85.67
http://www.newegg.com/Product/Product.aspx?Item=9SIA1K514P0608,http://www.bestbuy.com/site/bundle-eos-70d-ef-s-18-55mm-is-stm-kit/1309633784.p,97.93
http://www.newegg.com/Product/Product.aspx?Item=9SIA0ZX0YT3869,,
http://www.newegg.com/Product/Product.aspx?Item=9SIA0ZS0YV4094,http://www.bestbuy.com/site/eos-rebel-t5-digital-slr-camera-with-ef-s-18-55mm-f-3-5-5-6-is-ii-lens/4470028.p,100.00
http://www.newegg.com/Product/Product.aspx?Item=9SIA0ZS0FS7060,http://www.bestbuy.com/site/eos-7d-digital-slr-camera-body-only/9491944.p,97.30
http://www.newegg.com/Product/Product.aspx?Item=9SIA1K514J0722,http://www.bestbuy.com/site/bundle-eos-rebel-t3i-digital-camera-with-ef-s-18-55mm-is-ii-lens-kit/1306280301.p,100.00
http://www.newegg.com/Product/Product.aspx?Item=9SIA0ZS0YV4095,http://www.bestbuy.com/site/eos-rebel-t3-digital-slr-camera-with-18-55mm-is-lens/1987075.p,91.80
http://www.newegg.com/Product/Product.aspx?Item=9SIA0ZS0RN9492,http://www.bestbuy.com/site/eos-rebel-t5-digital-slr-camera-with-ef-s-18-55mm-f-3-5-5-6-is-ii-lens/4470028.p,100.00
http://www.newegg.com/Product/Product.aspx?Item=9SIA29P0XE1488,http://www.bestbuy.com/site/bundle-d3200-24-2-mp-cmos-dslr-with-18-55mm-f-3-5-5-6-af-s-dx-vr-nikkor-zoom-lens/1306936314.p,100.00
http://www.newegg.com/Product/Product.aspx?Item=9SIA0ZS1133218,http://www.bestbuy.com/site/eos-rebel-t5-digital-slr-camera-with-ef-s-18-55mm-f-3-5-5-6-is-ii-lens/4470028.p,54.61
http://www.newegg.com/Product/Product.aspx?Item=N82E16830120741,http://www.bestbuy.com/site/eos-rebel-t5-digital-slr-camera-with-ef-s-18-55mm-f-3-5-5-6-is-ii-lens/4470028.p,100.00
http://www.newegg.com/Product/Product.aspx?Item=9SIA29P12R3503,http://www.bestbuy.com/site/eos-rebel-t5-digital-slr-camera-with-ef-s-18-55mm-f-3-5-5-6-is-ii-lens/4470028.p,100.00
http://www.newegg.com/Product/Product.aspx?Item=9SIA29P1003843,http://www.bestbuy.com/site/eos-rebel-t5-digital-slr-camera-with-ef-s-18-55mm-f-3-5-5-6-is-ii-lens/4470028.p,100.00
http://www.newegg.com/Product/Product.aspx?Item=9SIA04D0NS8348,http://www.bestbuy.com/site/eos-rebel-t5-digital-slr-camera-with-ef-s-18-55mm-f-3-5-5-6-is-ii-lens/4470028.p,86.11
http://www.newegg.com/Product/Product.aspx?Item=9SIA1K514P0614,http://www.bestbuy.com/site/ef-s-18-135mm-f-3-5-5-6-is-stm-standard-zoom-lens/7037102.p,100.00
http://www.newegg.com/Product/Product.aspx?Item=9SIA0ZS0FD9557,http://www.bestbuy.com/site/ef-s-18-200mm-f-3-5-5-6-is-standard-zoom-lens/9065174.p,100.00
http://www.newegg.com/Product/Product.aspx?Item=9SIA1K50ZK2576,http://www.bestbuy.com/site/eos-rebel-t3i-digital-slr-camera-with-18-55mm-is-lens/1980124.p,100.00
http://www.newegg.com/Product/Product.aspx?Item=9SIA04D0RC9919,http://www.bestbuy.com/site/eos-rebel-t5i-digital-slr-camera-with-18-135mm-is-stm-lens/8154204.p,95.60
http://www.newegg.com/Product/Product.aspx?Item=9SIA1K50S88179,http://www.bestbuy.com/site/ef-75-300mm-f-4-5-6-iii-zoom-lens-w-2400-case-3-uv-fld-cpl-filters-lens-hood-pouch-tripod/1309180097.p,95.25
http://www.newegg.com/Product/Product.aspx?Item=9SIA1T50S44489,,
http://www.newegg.com/Product/Product.aspx?Item=9SIA1J20RE7084,http://www.bestbuy.com/site/eos-rebel-t5i-digital-slr-camera-with-18-135mm-is-stm-lens/8154204.p,100.00
http://www.newegg.com/Product/Product.aspx?Item=9SIA04D0RC9929,http://www.bestbuy.com/site/eos-rebel-t5i-digital-slr-camera-with-18-135mm-is-stm-lens/8154204.p,95.60
http://www.newegg.com/Product/Product.aspx?Item=9SIA2GA1BF2178,http://www.bestbuy.com/site/bundle-d5200-24-1-mp-cmos-digital-slr-camera-black-with-18-55mm-f-3-5-5-6g-af-s-dx-vr-lens/1309145232.p,100.00
http://www.newegg.com/Product/Product.aspx?Item=9SIA1J214X7439,http://www.bestbuy.com/site/d4-16-2-megapixel-digital-slr-camera-body-only/4760948.p,56.25
http://www.newegg.com/Product/Product.aspx?Item=9SIA1K514J5667,http://www.bestbuy.com/site/eos-6d-digital-slr-camera-with-24-105mm-f-4l-is-lens/6776249.p,100.00
http://www.newegg.com/Product/Product.aspx?Item=9SIA0ZS1009912,http://www.bestbuy.com/site/eos-60d-digital-slr-camera-with-18-135mm-is-lens/1221963.p,91.22
http://www.newegg.com/Product/Product.aspx?Item=9SIA1JX1BU3052,http://www.bestbuy.com/site/bundle-powershot-sx50-is-12-1-mp-digital-camera/1309480944.p,72.27
http://www.newegg.com/Product/Product.aspx?Item=9SIA1K514J5668,http://www.bestbuy.com/site/eos-7d-digital-slr-camera-with-18-135mm-is-lens/3125045.p,100.00
http://www.newegg.com/Product/Product.aspx?Item=9SIA0ZS0R91991,http://www.bestbuy.com/site/ef-s-18-200mm-f-3-5-5-6-is-standard-zoom-lens/9065174.p,100.00
http://www.newegg.com/Product/Product.aspx?Item=9SIA1K50F09675,,
http://www.newegg.com/Product/Product.aspx?Item=9SIA22A18A4504,http://www.bestbuy.com/site/eos-rebel-t5-digital-slr-camera-with-ef-s-18-55mm-f-3-5-5-6-is-ii-lens/4470028.p,100.00
http://www.newegg.com/Product/Product.aspx?Item=9SIA0ZS0FU7919,,
http://www.newegg.com/Product/Product.aspx?Item=9SIA1K50S35905,http://www.bestbuy.com/site/bundle-d3200-24-2-mp-cmos-dslr-with-18-55mm-f-3-5-5-6-af-s-dx-vr-nikkor-zoom-lens/1306936314.p,100.00
http://www.newegg.com/Product/Product.aspx?Item=9SIA13X0NA5155,http://www.bestbuy.com/site/k-5-iis-16-3-mp-dslr-camera-with-da-18-135mm-f-3-5-5-6-ed-al-if-dc-wr-lens-kit/1306786735.p,74.16
http://www.newegg.com/Product/Product.aspx?Item=9SIA0ZS0R92504,http://www.bestbuy.com/site/eos-60d-18-mp-cmos-digital-slr-camera-with-ef-s-18-55mm-f-3-5-5-6-is-lens-ef-75-300mm/1306005416.p,57.50
http://www.newegg.com/Product/Product.aspx?Item=9SIA1K51BE9645,http://www.bestbuy.com/site/eos-rebel-t5-digital-slr-camera-with-ef-s-18-55mm-f-3-5-5-6-is-ii-lens/4470028.p,100.00
http://www.newegg.com/Product/Product.aspx?Item=9SIA29P1156201,http://www.bestbuy.com/site/eos-6d-digital-slr-camera-with-24-105mm-f-4l-is-lens/6776249.p,88.39
http://www.newegg.com/Product/Product.aspx?Item=9SIA1K50PS6027,http://www.bestbuy.com/site/eos-rebel-18-megapixel-digital-slr-camera-body-with-lens-kit-18-mm-55-mm-and-55-mm-250-mm-lens/1309450329.p,83.86
http://www.newegg.com/Product/Product.aspx?Item=9SIA1K50SZ7711,http://www.bestbuy.com/site/eos-rebel-sl1-digital-slr-camera-body-only/8437083.p,61.37
http://www.newegg.com/Product/Product.aspx?Item=9SIA1K51BG4370,http://www.bestbuy.com/site/refurbished-d5100-16-2mp-cmos-digital-slr-camera-with-18-55mm-lens/1305927436.p,89.28
http://www.newegg.com/Product/Product.aspx?Item=9SIA3JZ17C6412,,
http://www.newegg.com/Product/Product.aspx?Item=9SIA29P0X71887,http://www.bestbuy.com/site/t5i-camera-ef-s-18-55-is-stm-lens-ef-s-55-250-is-lens-32gb-crd-batt-backpack-filters-acc-kit/1309033188.p,74.97
http://www.newegg.com/Product/Product.aspx?Item=9SIA1K50SF7183,http://www.bestbuy.com/site/eos-rebel-t5i-digital-slr-camera-with-18-55mm-is-stm-lens/8154046.p,80.78
http://www.newegg.com/Product/Product.aspx?Item=9SIA29P0XM5040,,
http://www.newegg.com/Product/Product.aspx?Item=9SIA0ZS17N3989,http://www.bestbuy.com/site/eos-rebel-t5i-digital-slr-camera-with-18-55mm-is-stm-lens/8154046.p,100.00
http://www.newegg.com/Product/Product.aspx?Item=9SIA0ZS0R93015,http://www.bestbuy.com/site/eos-rebel-t3i-digital-slr-camera-body-only/2129187.p,100.00
http://www.newegg.com/Product/Product.aspx?Item=9SIA0ZX1AU6121,http://www.bestbuy.com/site/nx200-20-3-megapixel-digital-compact-system-camera-black/1307693537.p,96.83
http://www.newegg.com/Product/Product.aspx?Item=9SIA1Y31958521,http://www.bestbuy.com/site/alpha-slt-a65vk-24-3-megapixel-dslr-camera-with-18-55mm-zoom-lens-black/1308093770.p,55.97
http://www.newegg.com/Product/Product.aspx?Item=9SIA2GA15F6667,,
http://www.newegg.com/Product/Product.aspx?Item=9SIA0ZS0NY5419,http://www.bestbuy.com/site/eos-rebel-t5-digital-slr-camera-with-ef-s-18-55mm-f-3-5-5-6-is-ii-lens/4470028.p,100.00
http://www.newegg.com/Product/Product.aspx?Item=9SIA0ZS18R4620,http://www.bestbuy.com/site/eos-rebel-t5i-digital-slr-camera-with-18-55mm-is-stm-lens/8154046.p,83.40
http://www.newegg.com/Product/Product.aspx?Item=9SIA04D0RC9925,http://www.bestbuy.com/site/eos-rebel-t5-digital-slr-camera-with-ef-s-18-55mm-f-3-5-5-6-is-ii-lens/4470028.p,100.00
http://www.newegg.com/Product/Product.aspx?Item=9SIA0ZS1924438,http://www.bestbuy.com/site/bundle-eos-rebel-t3i-digital-camera-with-ef-s-18-55mm-is-ii-lens-kit/1306280301.p,100.00
http://www.newegg.com/Product/Product.aspx?Item=9SIA1Y30NJ5877,http://www.bestbuy.com/site/bundle-d3200-24-2-mp-cmos-dslr-with-18-55mm-f-3-5-5-6-af-s-dx-vr-nikkor-zoom-lens/1306936314.p,89.40
http://www.newegg.com/Product/Product.aspx?Item=9SIA1K514P0611,http://www.bestbuy.com/site/eos-rebel-t5-digital-slr-camera-with-ef-s-18-55mm-f-3-5-5-6-is-ii-lens/4470028.p,100.00
http://www.newegg.com/Product/Product.aspx?Item=9SIA1K514J5665,http://www.bestbuy.com/site/eos-5d-mark-iii-digital-slr-camera-with-24-105mm-f-4l-is-lens/4839205.p,100.00
http://www.newegg.com/Product/Product.aspx?Item=9SIA1JX1BU4325,http://www.bestbuy.com/site/eos-rebel-t5-digital-slr-camera-with-ef-s-18-55mm-f-3-5-5-6-is-ii-lens/4470028.p,100.00
http://www.newegg.com/Product/Product.aspx?Item=9SIA13X0UN1794,http://www.bestbuy.com/site/16-3-megapixel-digital-slr-camera-body-with-lens-kit-18-mm-55-mm-and-50-mm-200-mm-lens/1308688846.p,51.66
http://www.newegg.com/Product/Product.aspx?Item=9SIA29P17C9324,http://www.bestbuy.com/site/refurbished-d5200-24-1-mp-cmos-digital-slr-camera-w-18-55mm-f-3-5-5-6g-af-s-dx-vr-lens/1308031901.p,100.00
http://www.newegg.com/Product/Product.aspx?Item=9SIA13X0UJ0991,,
http://www.newegg.com/Product/Product.aspx?Item=9SIA0ZS18R3878,http://www.bestbuy.com/site/bundle-eos-rebel-t3i-digital-camera-with-ef-s-18-55mm-is-ii-lens-kit/1306280301.p,100.00
http://www.newegg.com/Product/Product.aspx?Item=9SIA1K514P0351,http://www.bestbuy.com/site/eos-rebel-t3i-18mp-dslr-camera-ef-s-18-55mm-f-3-5-5-6-is-type-ii-lens-ef-s-55-250mm/1309436095.p,100.00
http://www.newegg.com/Product/Product.aspx?Item=9SIA1K50SF7117,http://www.bestbuy.com/site/eos-rebel-t5-digital-slr-camera-with-ef-s-18-55mm-f-3-5-5-6-is-ii-lens/4470028.p,100.00
http://www.newegg.com/Product/Product.aspx?Item=9SIA1T50R71022,,
http://www.newegg.com/Product/Product.aspx?Item=9SIA29P0XE1480,http://www.bestbuy.com/site/bundle-d3200-24-2-mp-cmos-dslr-with-18-55mm-f-3-5-5-6-af-s-dx-vr-nikkor-zoom-lens/1306936314.p,100.00
http://www.newegg.com/Product/Product.aspx?Item=9SIA1K50PS6058,http://www.bestbuy.com/site/eos-rebel-t5i-digital-slr-camera-with-18-55mm-is-stm-lens/8154046.p,100.00
http://www.newegg.com/Product/Product.aspx?Item=9SIA1JX0KC7074,http://www.bestbuy.com/site/eos-rebel-t5-digital-slr-camera-with-ef-s-18-55mm-f-3-5-5-6-is-ii-lens/4470028.p,100.00
http://www.newegg.com/Product/Product.aspx?Item=9SIA1K514P0354,http://www.bestbuy.com/site/eos-rebel-t3i-18mp-dslr-camera-ef-s-18-55mm-f-3-5-5-6-is-type-ii-lens-ef-s-55-250mm/1309436095.p,100.00
http://www.newegg.com/Product/Product.aspx?Item=9SIA0ZS0HW3437,http://www.bestbuy.com/site/ef-75-300mm-f-4-5-6-iii-telephoto-zoom-lens/1307217481.p,95.60
http://www.newegg.com/Product/Product.aspx?Item=9SIA1K514P0613,http://www.bestbuy.com/site/eos-rebel-t3i-18mp-dslr-camera-ef-s-18-55mm-f-3-5-5-6-is-type-ii-lens-ef-s-55-250mm/1309436095.p,100.00
http://www.newegg.com/Product/Product.aspx?Item=9SIA0ZS0RN8656,http://www.bestbuy.com/site/eos-rebel-t5-digital-slr-camera-with-ef-s-18-55mm-f-3-5-5-6-is-ii-lens/4470028.p,100.00
http://www.newegg.com/Product/Product.aspx?Item=9SIA1K514J0721,http://www.bestbuy.com/site/eos-60d-digital-slr-camera-with-18-135mm-is-lens/1221963.p,96.03
http://www.newegg.com/Product/Product.aspx?Item=9SIA0ZS0FT6020,http://www.bestbuy.com/site/eos-rebel-t3i-digital-slr-camera-with-18-55mm-is-lens/1980124.p,100.00
http://www.newegg.com/Product/Product.aspx?Item=9SIA0ZS1413884,http://www.bestbuy.com/site/bundle-eos-70d-ef-s-18-55mm-is-stm-kit/1309633760.p,89.77
http://www.newegg.com/Product/Product.aspx?Item=9SIA0ZS1133217,http://www.bestbuy.com/site/bundle-eos-rebel-t3i-digital-camera-with-ef-s-18-55mm-is-ii-lens-kit/1306280301.p,100.00
http://www.newegg.com/Product/Product.aspx?Item=9SIA0ZS0R92778,http://www.bestbuy.com/site/eos-rebel-t5-digital-slr-camera-with-ef-s-18-55mm-f-3-5-5-6-is-ii-lens/4470028.p,100.00
http://www.newegg.com/Product/Product.aspx?Item=9SIA0ZS0ZY1707,http://www.bestbuy.com/site/bundle-eos-rebel-t3i-digital-camera-with-ef-s-18-55mm-is-ii-lens-kit/1306280301.p,100.00
http://www.newegg.com/Product/Product.aspx?Item=9SIA1K50S88161,http://www.bestbuy.com/site/ef-75-300mm-f-4-5-6-iii-zoom-lens-w-2400-case-3-uv-fld-cpl-filters-lens-hood-pouch-tripod/1309180097.p,93.79
http://www.newegg.com/Product/Product.aspx?Item=9SIA29P0ZM8244,http://www.bestbuy.com/site/refurbished-d5200-24-1-mp-cmos-digital-slr-camera-w-18-55mm-f-3-5-5-6g-af-s-dx-vr-lens/1308031901.p,100.00
http://www.newegg.com/Product/Product.aspx?Item=9SIA29P0X71813,http://www.bestbuy.com/site/eos-rebel-bundle-t3i-18mp-dslr-camera-efs-18-55-is-lens-with-accessories/1304310482.p,70.78
http://www.newegg.com/Product/Product.aspx?Item=9SIA2GA1BF1952,http://www.bestbuy.com/site/d3100-digital-slr-camera-with-18-55mm-vr-lens/3099128.p,100.00
http://www.newegg.com/Product/Product.aspx?Item=9SIA1K50S58997,http://www.bestbuy.com/site/eos-rebel-t5i-digital-slr-camera-with-18-135mm-is-stm-lens/8154204.p,98.75
http://www.newegg.com/Product/Product.aspx?Item=9SIA0ZS1053913,,
http://www.newegg.com/Product/Product.aspx?Item=9SIA0ZS0R91954,http://www.bestbuy.com/site/eos-rebel-t3i-digital-slr-camera-with-18-55mm-is-lens/1980124.p,85.67
http://www.newegg.com/Product/Product.aspx?Item=9SIA1K50SF7181,http://www.bestbuy.com/site/eos-rebel-t5i-digital-slr-camera-with-18-55mm-is-stm-lens/8154046.p,81.35
http://www.newegg.com/Product/Product.aspx?Item=9SIA29P1156177,http://www.bestbuy.com/site/eos-60d-18-mp-cmos-digital-slr-camera-with-ef-s-18-55mm-f-3-5-5-6-is-lens-ef-75-300mm/1306005416.p,100.00
http://www.newegg.com/Product/Product.aspx?Item=9SIA1K50PS6026,http://www.bestbuy.com/site/eos-rebel-18-megapixel-digital-slr-camera-body-with-lens-kit-18-mm-55-mm-and-55-mm-250-mm-lens/1309450329.p,84.55
http://www.newegg.com/Product/Product.aspx?Item=9SIA31U1194283,,
http://www.newegg.com/Product/Product.aspx?Item=9SIA0ZS0Y48246,http://www.bestbuy.com/site/eos-rebel-t3i-digital-slr-camera-with-18-55mm-is-lens/1980124.p,100.00
http://www.newegg.com/Product/Product.aspx?Item=9SIA29P10G4159,http://www.bestbuy.com/site/eos-60d-18-mp-cmos-digital-slr-camera-with-ef-s-18-55mm-f-3-5-5-6-is-lens-ef-75-300mm/1306005416.p,75.63
http://www.newegg.com/Product/Product.aspx?Item=9SIA0ZS0R93011,http://www.bestbuy.com/site/eos-rebel-t5-digital-slr-camera-with-ef-s-18-55mm-f-3-5-5-6-is-ii-lens/4470028.p,100.00
http://www.newegg.com/Product/Product.aspx?Item=9SIA1K50SF7107,http://www.bestbuy.com/site/eos-rebel-t5-digital-slr-camera-with-ef-s-18-55mm-f-3-5-5-6-is-ii-lens/4470028.p,100.00
http://www.newegg.com/Product/Product.aspx?Item=9SIA1K50SF1945,http://www.bestbuy.com/site/eos-rebel-t5-digital-slr-camera-with-ef-s-18-55mm-f-3-5-5-6-is-ii-lens/4470028.p,100.00
http://www.newegg.com/Product/Product.aspx?Item=9SIA0ZS0FT6012,http://www.bestbuy.com/site/eos-rebel-t3i-digital-slr-camera-body-only/2129187.p,100.00
http://www.newegg.com/Product/Product.aspx?Item=9SIA13X0UJ0846,,
http://www.newegg.com/Product/Product.aspx?Item=9SIA1T50NZ6497,,
http://www.newegg.com/Product/Product.aspx?Item=9SIA1K50R05919,http://www.bestbuy.com/site/k-30-16-3-megapixel-dslr-camera-with-18-55mm-lens-black/1307693414.p,91.22
http://www.newegg.com/Product/Product.aspx?Item=9SIA29P0XE1524,http://www.bestbuy.com/site/bundle-d5200-24-1-mp-cmos-dslr-camera-with-18-55mm-f-3-5-5-6g-af-s-dx-vr-lens/1306936284.p,100.00
http://www.newegg.com/Product/Product.aspx?Item=9SIA1K50FJ7287,http://www.bestbuy.com/site/refurbished-d5100-16-2mp-cmos-digital-slr-camera-with-18-55mm-lens/1305927436.p,87.20
http://www.newegg.com/Product/Product.aspx?Item=9SIA1JX0KC7073,http://www.bestbuy.com/site/bundle-eos-rebel-t3-12-2mp-dslr-camera-18-55mm-is-ii-lens-black-5157b002/1306115931.p,100.00
http://www.newegg.com/Product/Product.aspx?Item=9SIA1K50SF3031,http://www.bestbuy.com/site/eos-rebel-sl1-digital-slr-camera-with-18-55mm-is-stm-lens/8153056.p,79.18
http://www.newegg.com/Product/Product.aspx?Item=9SIA13X0UN1786,http://www.bestbuy.com/site/16-3-megapixel-digital-slr-camera-body-with-lens-kit-18-mm-55-mm-and-50-mm-200-mm-lens/1308688846.p,51.66
http://www.newegg.com/Product/Product.aspx?Item=9SIA2GA1840553,http://www.bestbuy.com/site/bundle-d5200-24-1-mp-cmos-digital-slr-camera-black-with-18-55mm-f-3-5-5-6g-af-s-dx-vr-lens/1309145249.p,62.29
http://www.newegg.com/Product/Product.aspx?Item=9SIA1K51BG1359,http://www.bestbuy.com/site/refurbished-24-1-megapixel-digital-slr-camera-body-only/1308031918.p,99.56
http://www.newegg.com/Product/Product.aspx?Item=9SIA1T50NZ2393,,
http://www.newegg.com/Product/Product.aspx?Item=9SIA1K50PS6005,http://www.bestbuy.com/site/eos-rebel-18-megapixel-digital-slr-camera-body-with-lens-kit-18-mm-55-mm-and-75-mm-300-mm-lens/1309450336.p,87.63
http://www.newegg.com/Product/Product.aspx?Item=9SIA1M80PS9106,http://www.bestbuy.com/site/bundle-d3200-dx-format-digital-slr-kit-w-18-55mm-dx-vr-zoom-lens-black/1305616156.p,100.00
http://www.newegg.com/Product/Product.aspx?Item=9SIA1K50KG3246,http://www.bestbuy.com/site/eos-rebel-t5-digital-slr-camera-with-ef-s-18-55mm-f-3-5-5-6-is-ii-lens/4470028.p,100.00
http://www.newegg.com/Product/Product.aspx?Item=9SIA1K514J5437,http://www.bestbuy.com/site/bundle-eos-rebel-t3i-digital-camera-with-ef-s-18-55mm-is-ii-lens-kit/1306280301.p,100.00
http://www.newegg.com/Product/Product.aspx?Item=9SIA29P1044827,,
http://www.newegg.com/Product/Product.aspx?Item=9SIA1K50SF7104,http://www.bestbuy.com/site/eos-rebel-t5-digital-slr-camera-with-ef-s-18-55mm-f-3-5-5-6-is-ii-lens/4470028.p,100.00
http://www.newegg.com/Product/Product.aspx?Item=9SIA29P0XX0460,http://www.bestbuy.com/site/bundle-d3200-24-2-mp-cmos-dslr-with-18-55mm-f-3-5-5-6-af-s-dx-vr-nikkor-zoom-lens/1306936314.p,100.00
http://www.newegg.com/Product/Product.aspx?Item=9SIA1K50SF1955,http://www.bestbuy.com/site/eos-rebel-t5-digital-slr-camera-with-ef-s-18-55mm-f-3-5-5-6-is-ii-lens/4470028.p,88.87
http://www.newegg.com/Product/Product.aspx?Item=9SIA0ZS0FT5989,http://www.bestbuy.com/site/ef-s-18-200mm-f-3-5-5-6-is-standard-zoom-lens/9065174.p,100.00
http://www.newegg.com/Product/Product.aspx?Item=9SIA2CP0XA0025,http://www.bestbuy.com/site/k-30-16-3-megapixel-dslr-camera-with-18-55mm-lens-blue/1307693407.p,91.22
http://www.newegg.com/Product/Product.aspx?Item=9SIA1K51BG0914,http://www.bestbuy.com/site/eos-1d-x-digital-slr-camera-body-only/6304299.p,100.00
http://www.newegg.com/Product/Product.aspx?Item=9SIA29P1044763,,
http://www.newegg.com/Product/Product.aspx?Item=9SIA29P0ZM8241,http://www.bestbuy.com/site/refurbished-24-3-megapixel-digital-slr-camera-body-only/1305744644.p,86.42
http://www.newegg.com/Product/Product.aspx?Item=9SIA24G15X7195,,
http://www.newegg.com/Product/Product.aspx?Item=9SIA0ZS0FT5907,http://www.bestbuy.com/site/ef-s-18-135mm-f-3-5-5-6-is-standard-zoom-lens/9553645.p,100.00
http://www.newegg.com/Product/Product.aspx?Item=9SIA1T50ZD6774,,
http://www.newegg.com/Product/Product.aspx?Item=9SIA1JX1BU1904,,
http://www.newegg.com/Product/Product.aspx?Item=N82E16830113552,http://www.bestbuy.com/site/d5300-digital-slr-camera-with-18-8211140mm-vr-lens/2067102.p,100.00
http://www.newegg.com/Product/Product.aspx?Item=9SIA0ZS19W2817,http://www.bestbuy.com/site/eos-rebel-t5i-digital-slr-camera-with-18-55mm-is-stm-lens/8154046.p,100.00
http://www.newegg.com/Product/Product.aspx?Item=9SIA2GA0V86670,http://www.bestbuy.com/site/refurbished-d5200-24-1-mp-cmos-digital-slr-camera-body/1308031895.p,96.83
http://www.newegg.com/Product/Product.aspx?Item=9SIA0ZS0FT0174,http://www.bestbuy.com/site/eos-rebel-t3i-digital-slr-camera-with-18-55mm-is-lens/1980124.p,86.31
http://www.newegg.com/Product/Product.aspx?Item=9SIA2GA12C4530,http://www.bestbuy.com/site/d5200-digital-slr-camera-with-18-140mm-vr-lens/2071011.p,100.00
http://www.newegg.com/Product/Product.aspx?Item=9SIA1Y31958663,http://www.bestbuy.com/site/k-5-iis-16-3-mp-dslr-camera-with-da-18-135mm-f-3-5-5-6-ed-al-if-dc-wr-lens-kit/1306786735.p,55.27
http://www.newegg.com/Product/Product.aspx?Item=N82E16830120438,http://www.bestbuy.com/site/eos-7d-digital-slr-camera-with-18-135mm-is-lens/3125045.p,100.00
http://www.newegg.com/Product/Product.aspx?Item=9SIA1K50HH1643,http://www.bestbuy.com/site/k-5-iis-16-3-mp-dslr-camera-with-da-18-135mm-f-3-5-5-6-ed-al-if-dc-wr-lens-kit/1306786735.p,78.03
http://www.newegg.com/Product/Product.aspx?Item=9SIA1K50HH1677,http://www.bestbuy.com/site/k-5-iis-16-3-mp-dslr-camera-with-da-18-135mm-f-3-5-5-6-ed-al-if-dc-wr-lens-kit/1306786735.p,100.00
http://www.newegg.com/Product/Product.aspx?Item=N82E16830120616,http://www.bestbuy.com/site/eos-5d-mark-iii-digital-slr-camera-with-24-105mm-f-4l-is-lens/4839205.p,69.08
http://www.newegg.com/Product/Product.aspx?Item=N82E16830120506,http://www.bestbuy.com/site/eos-rebel-t3-digital-slr-camera-with-18-55mm-is-lens/1987075.p,100.00
http://www.newegg.com/Product/Product.aspx?Item=N82E16830120473,http://www.bestbuy.com/site/eos-60d-18-mp-cmos-digital-slr-camera-with-ef-s-18-55mm-f-3-5-5-6-is-lens-ef-75-300mm/1306005416.p,100.00
http://www.newegg.com/Product/Product.aspx?Item=N82E16830120508,http://www.bestbuy.com/site/eos-rebel-t3i-digital-slr-camera-body-only/2129187.p,100.00
http://www.newegg.com/Product/Product.aspx?Item=N82E16830120677,http://www.bestbuy.com/site/eos-rebel-t5i-18-0-megapixel-dslr-camera-body-only/8437056.p,98.99
http://www.newegg.com/Product/Product.aspx?Item=N82E16830179686,http://www.bestbuy.com/site/bundle-alpha-slt-a99v-24-3-mp-full-frame-slr-digital-camera-black-body-only/1306633367.p,62.84
http://www.newegg.com/Product/Product.aspx?Item=9SIA29P0ZM8242,http://www.bestbuy.com/site/refurbished-d5200-24-1-mp-cmos-digital-slr-camera-w-18-55mm-f-3-5-5-6g-af-s-dx-vr-lens/1308031901.p,100.00
http://www.newegg.com/Product/Product.aspx?Item=N82E16830120384,http://www.bestbuy.com/site/eos-7d-digital-slr-camera-with-28-135mm-is-lens/9491935.p,100.00
http://www.newegg.com/Product/Product.aspx?Item=9SIA1K51BG0856,http://www.bestbuy.com/site/bundle-a77vm-24-3-mp-translucent-mirror-dslr-with-18-135mm-lens/1306260266.p,100.00
http://www.newegg.com/Product/Product.aspx?Item=N82E16830179687,http://www.bestbuy.com/site/alpha-24-3-megapixel-mirrorless-camera-body-with-lens-kit-18-mm-135-mm-lens/1304650090.p,69.50
http://www.newegg.com/Product/Product.aspx?Item=N82E16830113549,http://www.bestbuy.com/site/bundle-d5300-24-2-mp-cmos-slr-camera-with-built-in-wi-fi-and-gps-body-only-red/1309632800.p,68.37
http://www.newegg.com/Product/Product.aspx?Item=9SIA2GA0ZM8804,http://www.bestbuy.com/site/bundle-dslr-slta77v-slt-a77v-24-3mp-digital-slr-camera-body/1309394227.p,88.13
http://www.newegg.com/Product/Product.aspx?Item=9SIA29P0YU7074,http://www.bestbuy.com/site/bundle-d5200-24-1-mp-cmos-digital-slr-camera-bronze-with-18-55mm-f-3-5-5-6g-af-s-dx-vr-lens/1309145225.p,100.00
http://www.newegg.com/Product/Product.aspx?Item=N82E16830120676,http://www.bestbuy.com/site/eos-rebel-t5i-digital-slr-camera-with-18-55mm-is-stm-lens/8154046.p,100.00
http://www.newegg.com/Product/Product.aspx?Item=N82E16830120615,http://www.bestbuy.com/site/eos-5d-mark-iii-digital-slr-camera-body-only/4839357.p,59.52
http://www.newegg.com/Product/Product.aspx?Item=N82E16830120459,http://www.bestbuy.com/site/eos-60d-18-mp-cmos-digital-slr-camera-with-ef-s-18-55mm-f-3-5-5-6-is-lens-ef-75-300mm/1306005416.p,100.00
http://www.newegg.com/Product/Product.aspx?Item=N82E16830120680,http://www.bestbuy.com/site/eos-rebel-sl1-digital-slr-camera-body-only/8437083.p,100.00
http://www.newegg.com/Product/Product.aspx?Item=N82E16830120678,http://www.bestbuy.com/site/eos-rebel-t5i-digital-slr-camera-with-18-135mm-is-stm-lens/8154204.p,100.00
http://www.newegg.com/Product/Product.aspx?Item=N82E16830120657,http://www.bestbuy.com/site/eos-6d-camera-body-ef-24105-lis-usm-lens-ef-70300-is-lens-64gb-card-backpack-flash-grip-batt-chrgr/1309548545.p,75.68
http://www.newegg.com/Product/Product.aspx?Item=N82E16830120697,http://www.bestbuy.com/site/eos-70d-digital-slr-camera-with-18-8211135mm-is-stm-lens-black/8896132.p,100.00
http://www.newegg.com/Product/Product.aspx?Item=N82E16830113551,http://www.bestbuy.com/site/bundle-d5300-24-2-mp-cmos-slr-camera-with-built-in-wi-fi-and-gps-body-only-red/1309632794.p,72.93
http://www.newegg.com/Product/Product.aspx?Item=N82E16830120658,http://www.bestbuy.com/site/eos-6d-digital-slr-camera-body-with-64gb-card-battery-charger-battery-grip-remote-acc-kit/1308567219.p,77.49
http://www.newegg.com/Product/Product.aspx?Item=N82E16830113547,http://www.bestbuy.com/site/d3200-digital-slr-camera-with-18-55mm-vr-lens/4826999.p,56.57
http://www.newegg.com/Product/Product.aspx?Item=9SIA1J20PE4647,http://www.bestbuy.com/site/refurbished-24-1-megapixel-digital-slr-camera-body-only/1308031918.p,100.00
http://www.newegg.com/Product/Product.aspx?Item=N82E16830120695,http://www.bestbuy.com/site/eos-70d-digital-slr-camera-body-only-black/8896099.p,100.00
http://www.newegg.com/Product/Product.aspx?Item=N82E16830179651,http://www.bestbuy.com/site/bundle-alpha-slt-a99v-24-3-mp-full-frame-slr-digital-camera-black-body-only/1306620923.p,85.28
http://www.newegg.com/Product/Product.aspx?Item=9SIA1J20MZ1278,http://www.bestbuy.com/site/d5200-24-1-megapixel-dslr-camera-body-only/7525209.p,100.00
http://www.newegg.com/Product/Product.aspx?Item=N82E16830120383,http://www.bestbuy.com/site/eos-7d-digital-slr-camera-body-only/9491944.p,61.37
http://www.newegg.com/Product/Product.aspx?Item=N82E16830120458,http://www.bestbuy.com/site/eos-60d-digital-slr-camera-body-only/1222177.p,61.37
