Original_URL,Match_URL,Confidence
http://www.newegg.com/Product/Product.aspx?Item=9SIA1T50NZ2393,http://www.amazon.com/AquaTech-Sound-Blimp-Digital-Camera/dp/B00BOVUF04,70.00
http://www.newegg.com/Product/Product.aspx?Item=N82E16830113538,http://www.amazon.com/Nikon-DX-Format-Digital-18-140mm-55-300mm/dp/B00F5E3K26,100.00
http://www.newegg.com/Product/Product.aspx?Item=9SIA2GA0V85636,http://www.amazon.com/Nikon-DX-Format-Digital-18-200mm-3-5-5-6G/dp/B008CSU41M,90.35
http://www.newegg.com/Product/Product.aspx?Item=9SIA1XA1C77072,http://www.amazon.com/Fujifilm-FinePix-Digital-Camera-S4300/dp/B00ANQD52Q,78.69
http://www.newegg.com/Product/Product.aspx?Item=9SIA2GA0V86709,http://www.amazon.com/Nikon-D600-FX-Format-Digital-Camera/dp/B0099XGZXA,100.00
http://www.newegg.com/Product/Product.aspx?Item=9SIA29P0XX0460,http://www.amazon.com/D3200-Camera-3-5-5-6G-70-300mm-Accessory/dp/B0085YS9CE,100.00
http://www.newegg.com/Product/Product.aspx?Item=N82E16830113534,http://www.amazon.com/Nikon-DX-Format-Digital-18-140mm-3-5-5-6G/dp/B00F5E3N46,100.00
http://www.newegg.com/Product/Product.aspx?Item=N82E16830113633,http://www.amazon.com/Nikon-Digital-Camera-18-55mm-3-5-5-6G/dp/B00I1CPAWC,100.00
http://www.newegg.com/Product/ProductList.aspx?Submit=ENE&Description=9SIA2000S44303&fz=1,,
http://www.newegg.com/Product/Product.aspx?Item=9SIA1K51BG1359,http://www.amazon.com/Nikon-D7100-DX-format-Digital-Camera/dp/B00FIWC9RW,84.01
http://www.newegg.com/Product/Product.aspx?Item=N82E16830120520,http://www.amazon.com/Canon-Digital-18-135mm-3-5-5-6-Standard/dp/B004MN00C4,100.00
http://www.newegg.com/Product/Product.aspx?Item=9SIA1K51BG0914,http://www.amazon.com/Canon-EOS-1D-18-1MP-Digital-Camera/dp/B005Y3T1AI,62.42
http://www.newegg.com/Product/ProductList.aspx?Submit=ENE&Description=9SIA2000S44304&fz=1,,
http://www.newegg.com/Product/ProductList.aspx?Submit=ENE&Description=9SIA2000S44307&fz=1,,
http://www.newegg.com/Product/Product.aspx?Item=N82E16830113631,http://www.amazon.com/Nikon-Digital-Camera-18-55mm-3-5-5-6G/dp/B00I1CPACM,100.00
http://www.newegg.com/Product/ProductList.aspx?Submit=ENE&Description=9SIA2000S44296&fz=1,,
http://www.newegg.com/Product/Product.aspx?Item=9SIA2GA1840553,http://www.amazon.com/Nikon-FX-Format-Digital-24-85mm-3-5-4-5G/dp/B00FOTFA7U,100.00
http://www.newegg.com/Product/Product.aspx?Item=9SIA1K50PS6005,http://www.amazon.com/Camera-STM-75-300mm-Telephoto-Accessory/dp/B00COR4Q2K,66.00
http://www.newegg.com/Product/Product.aspx?Item=9SIA1K50SF7104,http://www.amazon.com/Canon-Camera-18-55mm-3-5-5-6-Includes/dp/B00G3LS372,100.00
http://www.newegg.com/Product/Product.aspx?Item=9SIA29P1044827,http://www.amazon.com/Sony-SLT-A58K-SLT-A58-SAL-35F18-Accessory/dp/B00CO7MPSW,100.00
http://www.newegg.com/Product/ProductList.aspx?Submit=ENE&Description=9SIA2000S44301&fz=1,,
http://www.newegg.com/Product/Product.aspx?Item=9SIA1M80PS9106,http://www.amazon.com/Nikon-Digital-Camera-18-55mm-Accessory/dp/B007X47NU6,100.00
http://www.newegg.com/Product/Product.aspx?Item=9SIA0ZS0FT5989,http://www.amazon.com/Canon-18-200mm-3-5-5-6-Standard-Lens/dp/B001ET6QFY,100.00
http://www.newegg.com/Product/Product.aspx?Item=9SIA2CP0XA0025,http://www.amazon.com/Pentax-K-30-Weather-Sealed-Digital-18-55mm/dp/B0082OJ3C2,67.33
http://www.newegg.com/Product/Product.aspx?Item=0UP-000J-00021,http://www.amazon.com/Pentax-645D-Medium-Format-Digital/dp/B004A4U886,94.32
http://www.newegg.com/Product/Product.aspx?Item=9SIA29P0ZM8241,http://www.amazon.com/D600-FX-Format-Camera-3-5-4-5G-Accessory/dp/B00B3WFA36,100.00
http://www.newegg.com/Product/Product.aspx?Item=9SIA1K514J5437,http://www.amazon.com/Canon-18-55mm-3-5-5-6-Digital-Cameras/dp/B000R96FP8,99.66
http://www.newegg.com/Product/Product.aspx?Item=9SIA1K50SF1955,http://www.amazon.com/Canon-SL1-Telephoto-Autofocus-Accessory/dp/B00GJX4OB8,100.00
http://www.newegg.com/Product/Product.aspx?Item=9SIA22F1C20147,,
http://www.newegg.com/Product/Product.aspx?Item=9SIA1K50KG3246,http://www.amazon.com/Canon-Digital-75-300mm-Telephoto-Accessory/dp/B004Q79BIA,100.00
http://www.newegg.com/Product/Product.aspx?Item=9SIA22F1C46732,http://www.amazon.com/Canon-EOS-Rebel-T3-5157B002/dp/B00ETLRNLK,95.72
http://www.newegg.com/Product/Product.aspx?Item=N82E16830179468R,http://www.amazon.com/Sony-Compact-Interchangeable-Touchscreen-18-55mm/dp/B005IHAIJ8,67.33
http://www.newegg.com/Product/Product.aspx?Item=9SIA1M81699242,http://www.amazon.com/Fujifilm-FinePix-Digital-Optical-S8300/dp/B00CC9QTA2,100.00
http://www.newegg.com/Product/Product.aspx?Item=N82E16830120506R,http://www.amazon.com/Rebel-T3-55-250mm-Telephoto-Accessory/dp/B0085BALAU,100.00
http://www.newegg.com/Product/Product.aspx?Item=9SIA29P1691962,http://www.amazon.com/Canon-CMOS-Digital-Camera-3-Inch/dp/B002NEGTTW,98.75
http://www.newegg.com/Product/Product.aspx?Item=9SIA22F1C20152,http://www.amazon.com/Canon-Digital-Camera-18-135mm-F3-5-5-6/dp/B00DMS0LCO,84.47
http://www.newegg.com/Product/Product.aspx?Item=9SIA22F1C80448,http://www.amazon.com/CANON-Megapixel-Digital-Camera-8575B001/dp/B00CVASKI6,100.00
http://www.newegg.com/Product/Product.aspx?Item=9SIA1T50NW1462,http://www.amazon.com/Tiffen-67HZE-67mm-Haze-1-Filter/dp/B00004ZCFV,53.25
http://www.newegg.com/Product/Product.aspx?Item=9SIA2GA0V85548,http://www.amazon.com/Fujifilm-X-Pro1-Digital-Camera-Compatible/dp/B008RCF5XK,51.85
http://www.newegg.com/Product/Product.aspx?Item=9SIA2001BV3321,http://www.amazon.com/Canon-Rebel-Digital-18-55mm-Movie/dp/B006IWZIKQ,100.00
http://www.newegg.com/Product/Product.aspx?Item=9SIA1M80M64463,http://www.amazon.com/Fujifilm-FinePix-S4300-Digital-Accessory/dp/B005G0K3VA,98.32
http://www.newegg.com/Product/Product.aspx?Item=9SIA1T50NV5399,http://www.amazon.com/ThinkTank-TT701-Pixel-Sunscreen-V2-0/dp/B0016XIQ24,60.78
http://www.newegg.com/Product/Product.aspx?Item=9SIA1T50Y39660,,
http://www.newegg.com/Product/Product.aspx?Item=9SIA1JX1692003,http://www.amazon.com/Canon-Rebel-18MP-Digital-Camera/dp/B005CJZBWG,86.42
http://www.newegg.com/Product/Product.aspx?Item=9SIA29P1003739,http://www.amazon.com/75-300mm-Telephoto-55-250mm-External-Kit-DavisMAX/dp/B00CF1JR4C,80.90
http://www.newegg.com/Product/Product.aspx?Item=9SIA2000S44297,http://www.amazon.com/75-300mm-Telephoto-Accessory-HeroFiber%C2%AE-Cleaning/dp/B00GI13WKA,100.00
http://www.newegg.com/Product/Product.aspx?Item=9SIA29P0ZH1858,http://www.amazon.com/D7100-DX-Format-Digital-18-105mm-Accessory/dp/B00CJ9PEII,100.00
http://www.newegg.com/Product/Product.aspx?Item=9SIA29P1003726,http://www.amazon.com/Digital-18-135mm-Bundle-Protector-Accessory/dp/B00EOZVDY4,100.00
http://www.newegg.com/Product/Product.aspx?Item=9SIA29P1003465,http://www.amazon.com/Digital-Camera-18-55mm-STM-Accessory/dp/B00CMGOZJ2,100.00
http://www.newegg.com/Product/Product.aspx?Item=9SIA1T50NV3438,http://www.amazon.com/Schneider-Optics-Angle-iPhone-0IP-WA00-00/dp/B008M75BTS,62.88
http://www.newegg.com/Product/Product.aspx?Item=9SIA29P1003835,http://www.amazon.com/75-300mm-Telephoto-55-250mm-External-Kit-DavisMAX/dp/B00CF1JR4C,80.90
http://www.newegg.com/Product/Product.aspx?Item=9SIA3V718A7131,http://www.amazon.com/Canon-Digital-10-1MP-18-55mm-3-5-5-6/dp/B000I1ZWRC,100.00
http://www.newegg.com/Product/Product.aspx?Item=9SIA1K50JJ8562,http://www.amazon.com/Canon-18-55mm-75-300mm-Telephoto-Accessory/dp/B006NZO6PQ,97.27
http://www.newegg.com/Product/Product.aspx?Item=9SIA1Y30NP0761,http://www.amazon.com/Olympus-Thirds-Interchangeable-Digital-14-42mm/dp/B004HO59M4,66.44
http://www.newegg.com/Product/Product.aspx?Item=9SIA2280RZ5070,http://www.amazon.com/Zeikos-ZE-LH55-Rubber-Black-Alpha/dp/B005S2ZOZ6,78.92
http://www.newegg.com/Product/Product.aspx?Item=9SIA1T50NV6910,http://www.amazon.com/Delkin-Devices-DDREADER-34-Pocket-Reader/dp/B0007KPLNY,50.96
http://www.newegg.com/Product/Product.aspx?Item=9SIA1T50NV5711,http://www.amazon.com/Tenba-Mini-Messenger-Bag-Platinum/dp/B004AYD34C,51.40
http://www.newegg.com/Product/Product.aspx?Item=9SIA1K50SZ9045,http://www.amazon.com/Pentax-K-5-II-lens-kit/dp/B0099J8BZE,89.77
http://www.newegg.com/Product/Product.aspx?Item=9SIA1K519N9975,http://www.amazon.com/D3200-Camera-Automatic-Telephoto-Accessory/dp/B0089FYYHI,100.00
http://www.newegg.com/Product/Product.aspx?Item=9SIA04D0R19267,http://www.amazon.com/EF-70-300mm-4-5-6-IS-USM/dp/B00DY94BUE,78.24
http://www.newegg.com/Product/Product.aspx?Item=9SIA1K50T20070,http://www.amazon.com/Pentax-Digital-18-55mm-3-5-5-6-Includes/dp/B00DMJIKNK,100.00
http://www.newegg.com/Product/Product.aspx?Item=9SIA1K519N9976,http://www.amazon.com/D3200-Camera-3-5-5-6G-VR-Zoom-Nikkor/dp/B0085VZB9Q,100.00
http://www.newegg.com/Product/Product.aspx?Item=9SIA0ZS0HC8380,http://www.amazon.com/Digital-Camera-55-250mm-Telephoto-Accessory/dp/B00A2ATBTO,100.00
http://www.newegg.com/Product/Product.aspx?Item=9SIA04D0RC9921,http://www.amazon.com/Canon-Advanced-Accessory-including-Telephoto/dp/B00CMC3YD4,100.00
http://www.newegg.com/Product/Product.aspx?Item=9SIA0ZS0RP0802,http://www.amazon.com/Canon-SL1-Telephoto-Autofocus-Accessory/dp/B00GJX4OB8,100.00
http://www.newegg.com/Product/Product.aspx?Item=9SIA29P1003840,http://www.amazon.com/Camera-STM-Automatic-Telephoto-Accessory/dp/B00CO7VSTO,100.00
http://www.newegg.com/Product/Product.aspx?Item=9SIA04D0R19276,http://www.amazon.com/Sigma-18-250mm-3-5-6-3-Canon-Digital/dp/B001PGXEH4,75.61
http://www.newegg.com/Product/Product.aspx?Item=9SIA29P0Y14575,http://www.amazon.com/Camera-Ultrasonic-Motorized-Lens-Accessory/dp/B004QD8V0S,100.00
http://www.newegg.com/Product/Product.aspx?Item=9SIA1K50SE6733,http://www.amazon.com/Canon-18-55mm-3-5-5-6-Digital-Cameras/dp/B000R96FP8,88.87
http://www.newegg.com/Product/Product.aspx?Item=9SIA1K50SZ9047,http://www.amazon.com/Pentax-Digital-Camera-18-55mm-3-5-5-6/dp/B00CPQH1RW,100.00
http://www.newegg.com/Product/Product.aspx?Item=9SIA1K50S89716,http://www.amazon.com/USM-Telephoto-Lens-Focus-Accessory/dp/B000MQJ1DO,100.00
http://www.newegg.com/Product/Product.aspx?Item=9SIA0ZS0HC8381,http://www.amazon.com/Digital-Camera-55-250mm-Telephoto-Accessory/dp/B00A2ATBTO,100.00
http://www.newegg.com/Product/Product.aspx?Item=9SIA22816M8863,http://www.amazon.com/Panasonic-DMC-G1-Interchangeable-Digital-Black/dp/B001FSKDWG,90.76
http://www.newegg.com/Product/Product.aspx?Item=9SIA1K50ZE0071,http://www.amazon.com/Canon-Digital-Camera-18-135mm-F3-5-5-6/dp/B00DMS0LCO,89.93
http://www.newegg.com/Product/Product.aspx?Item=N82E16830184193,http://www.amazon.com/Pentax-16-3-Megapixel-Digital-Camera/dp/B00IF14NZO,100.00
http://www.newegg.com/Product/Product.aspx?Item=9SIA04D0RC9931,http://www.amazon.com/Canon-18-135mm-Advanced-Accessory-Microfiber/dp/B00CMR0U2M,100.00
http://www.newegg.com/Product/Product.aspx?Item=9SIA2GA15F6665,http://www.amazon.com/Nikon-Df-FX-Format-Digital-Camera/dp/B00IK92KHY,80.45
http://www.newegg.com/Product/Product.aspx?Item=9SIA1K50SE6734,http://www.amazon.com/Standard-Autofocus-Accessory-HeroFiber%C2%AE-Cleaning/dp/B00DSCYV2K,100.00
http://www.newegg.com/Product/Product.aspx?Item=9SIA29P0Y35856,http://www.amazon.com/EOS-Rebel-SL1-Camera-Accessory/dp/B00DGCJHX0,100.00
http://www.newegg.com/Product/Product.aspx?Item=9SIA0ZS0R68338,http://www.amazon.com/Canon-Digital-Camera-24-105mm-Master/dp/B00CF19VN4,100.00
http://www.newegg.com/Product/Product.aspx?Item=9SIA29P1003082,http://www.amazon.com/Canon-EOS-70D-18-135mm-Telephoto/dp/B00ESN8EBW,100.00
http://www.newegg.com/Product/Product.aspx?Item=9SIA1T50NV3441,http://www.amazon.com/Hello-Kitty-Mouse-Mousepad-82809/dp/B00629Z2GU,54.03
http://www.newegg.com/Product/Product.aspx?Item=9SIA0ZS0FT6065,http://www.amazon.com/Canon-Digital-18-55mm-3-5-5-6-Accessory/dp/B004VGDFD8,100.00
http://www.newegg.com/Product/Product.aspx?Item=9SIA0ZS0R93002,http://www.amazon.com/Canon-Digital-75-300mm-Telephoto-Accessory/dp/B004VN920G,71.10
http://www.newegg.com/Product/Product.aspx?Item=9SIA0ZS0G89094,http://www.amazon.com/Pentax-Weather-Sealed-Digital-18-55mm-55-300mm/dp/B0082OJ3AY,88.21
http://www.newegg.com/Product/Product.aspx?Item=9SIA29P0XE2457,http://www.amazon.com/D5200-Camera-3-5-5-6G-Zoom-Nikkor-Accessory/dp/B00B76Z308,100.00
http://www.newegg.com/Product/Product.aspx?Item=9SIA0ZS0RP6137,http://www.amazon.com/Canon-SL1-Telephoto-Autofocus-Accessory/dp/B00GJX4OB8,100.00
http://www.newegg.com/Product/Product.aspx?Item=9SIA1K50SF1885,http://www.amazon.com/Canon-Digital-75-300mm-Telephoto-Accessory/dp/B004VN920G,89.69
http://www.newegg.com/Product/Product.aspx?Item=9SIA04D0R19157,http://www.amazon.com/Canon-Digital-18-55mm-3-5-5-6-Accessory/dp/B004Q6LMSI,52.94
http://www.newegg.com/Product/Product.aspx?Item=9SIA0ZS0HW3425,http://www.amazon.com/Canon-T2i-Processor-Body-Only/dp/B0035FZJI0,62.86
http://www.newegg.com/Product/Product.aspx?Item=9SIA22816M8980,http://www.amazon.com/Replacement-Panasonic-Lumix-DMC-G3W-Battery/dp/B00IHXA4LC,67.66
http://www.newegg.com/Product/Product.aspx?Item=9SIA04D0RC9922,http://www.amazon.com/Canon-Advanced-Accessory-including-Telephoto/dp/B00CMC5FU4,100.00
http://www.newegg.com/Product/Product.aspx?Item=9SIA29P1009731,http://www.amazon.com/D3200-Camera-Automatic-Telephoto-Accessory/dp/B0089FYYHI,100.00
http://www.newegg.com/Product/Product.aspx?Item=9SIA04D0R19286,http://www.amazon.com/Sigma-18-250mm-3-5-6-3-Canon-Digital/dp/B001PGXEH4,76.52
http://www.newegg.com/Product/Product.aspx?Item=9SIA1T50NV5810,http://www.amazon.com/Tenba-638-236-Large-Messenger-Plum/dp/B0013GJD80,51.40
http://www.newegg.com/Product/Product.aspx?Item=9SIA0ZS1009915,http://www.amazon.com/75-300mm-Telephoto-Replacement-Batteries-DavisMAX/dp/B00I08WKDE,77.12
http://www.newegg.com/Product/Product.aspx?Item=9SIA1K50S89731,http://www.amazon.com/USM-Telephoto-Lens-Focus-Accessory/dp/B000MQJ1DO,100.00
http://www.newegg.com/Product/Product.aspx?Item=9SIA29P1003870,http://www.amazon.com/D3200-Camera-3-5-5-6G-VR-Zoom-Nikkor/dp/B0085VZB9Q,100.00
http://www.newegg.com/Product/Product.aspx?Item=9SIA0ZS0R66227,http://www.amazon.com/75-300mm-Telephoto-55-250mm-External-Kit-DavisMAX/dp/B00CF1JR4C,100.00
http://www.newegg.com/Product/Product.aspx?Item=9SIA0ZS0HD0604,http://www.amazon.com/Canon-Rebel-Digital-Camera-18-135mm/dp/B00894YX2U,100.00
http://www.newegg.com/Product/Product.aspx?Item=9SIA1T50NY9505,http://www.amazon.com/Rotatrim-Mastercut-Rotary-Cutter-Trimmer/dp/B00465PXU2,62.42
http://www.newegg.com/Product/Product.aspx?Item=9SIA1K50SE6736,http://www.amazon.com/Canon-18-55mm-3-5-5-6-Digital-Cameras/dp/B000R96FP8,86.85
http://www.newegg.com/Product/Product.aspx?Item=9SIA29P0YV0669,http://www.amazon.com/D5200-Camera-3-5-5-6G-55-300mm-Accessory/dp/B00B787JRQ,100.00
http://www.newegg.com/Product/Product.aspx?Item=9SIA04D0RC9932,http://www.amazon.com/Camera-STM-75-300mm-Telephoto-Accessory/dp/B00COR4Q2K,100.00
http://www.newegg.com/Product/Product.aspx?Item=9SIA0MP0NY5400,http://www.amazon.com/Pentax-K30-Digital-55-300mm-Red/dp/B00BCOJHIE,100.00
http://www.newegg.com/Product/Product.aspx?Item=9SIA04D0RH0070,http://www.amazon.com/Canon-Accessory-Including-Microfiber-Professional/dp/B00CO6SF6O,100.00
http://www.newegg.com/Product/Product.aspx?Item=9SIA29P0Y14895,http://www.amazon.com/Canon-Digital-18-55mm-3-5-5-6-Accessory/dp/B004VGDFD8,64.29
http://www.newegg.com/Product/Product.aspx?Item=9SIA13X0YV9556,http://www.amazon.com/Pentax-Digital-Camera-18-55mm-f3-5-5-6/dp/B00DBPKABA,100.00
http://www.newegg.com/Product/Product.aspx?Item=9SIA1K50SZ9130,http://www.amazon.com/Canon-18-55mm-3-5-5-6-Digital-Cameras/dp/B000R96FP8,57.59
http://www.newegg.com/Product/Product.aspx?Item=9SIA0ZS0R68341,http://www.amazon.com/Canon-20-2-Digital-Camera-3-0-Inch/dp/B00B4T3QJS,100.00
http://www.newegg.com/Product/Product.aspx?Item=9SIA1K50F11776,http://www.amazon.com/Canon-Filters-Accessory-Digital-Cameras/dp/B008G3MOBQ,53.36
http://www.newegg.com/Product/Product.aspx?Item=9SIA1K50F32655,http://www.amazon.com/Canon-Digital-18-135mm-3-5-5-6-Standard/dp/B003BM7X6I,60.27
http://www.newegg.com/Product/Product.aspx?Item=9SIA2GA15F6666,http://www.amazon.com/Nikon-1526-FX-Format-Digital-3-2-Inch/dp/B00GD1KASM,78.53
http://www.newegg.com/Product/Product.aspx?Item=9SIA0ZS0R99270,http://www.amazon.com/Digital-Camera-55-250mm-Telephoto-Accessory/dp/B00A2ATBTO,100.00
http://www.newegg.com/Product/Product.aspx?Item=9SIA2GA0V85571,http://www.amazon.com/Fujifilm-X-E1-18-55mm-Lens-Black/dp/B0092MD5ZE,100.00
http://www.newegg.com/Product/Product.aspx?Item=9SIA04D0RH0064,http://www.amazon.com/Canon-Accessory-Including-Microfiber-Professional/dp/B00CO6T37O,100.00
http://www.newegg.com/Product/Product.aspx?Item=9SIA1K50R05928,http://www.amazon.com/K-30-Camera-18x55MM-50-200-Lens-Black/dp/B00E7ZIP0Q,100.00
http://www.newegg.com/Product/Product.aspx?Item=9SIA0ZS0FY3771,http://www.amazon.com/Canon-Digital-75-300mm-Telephoto-Accessory/dp/B004VN920G,100.00
http://www.newegg.com/Product/Product.aspx?Item=9SIA0ZS0FT6091,http://www.amazon.com/Canon-Digital-75-300mm-Telephoto-Accessory/dp/B004VN920G,100.00
http://www.newegg.com/Product/Product.aspx?Item=9SIA29P0XE2569,http://www.amazon.com/D5200-Camera-3-5-5-6G-55-300mm-Accessory/dp/B00B5JUYOM,100.00
http://www.newegg.com/Product/Product.aspx?Item=9SIA1K50F09625,http://www.amazon.com/Canon-Digital-18-55mm-3-5-5-6-Accessory/dp/B004Q6LMSI,100.00
http://www.newegg.com/Product/Product.aspx?Item=9SIA1JX1BW4176,http://www.amazon.com/Sony-DSC-RX100-DSCRX100-Digital-Accessory/dp/B008XKV9A4,100.00
http://www.newegg.com/Product/Product.aspx?Item=9SIA0ZS0G89100,http://www.amazon.com/Pentax-Weather-Sealed-Digital-18-55mm-55-300mm/dp/B0082OJ3AY,88.21
http://www.newegg.com/Product/Product.aspx?Item=9SIA0ZS0R92494,http://www.amazon.com/Canon-EOS-60D-EF-S-Kit/dp/B007L1JEEY,100.00
http://www.newegg.com/Product/Product.aspx?Item=9SIA0ZS1011798,http://www.amazon.com/Canon-CMOS-Digital-Camera-3-Inch/dp/B002NEGTTW,66.35
http://www.newegg.com/Product/Product.aspx?Item=9SIA1K50R05917,http://www.amazon.com/Canon-Rebel-18-0-Digital-18-55mm/dp/B00894YWD0,82.05
http://www.newegg.com/Product/Product.aspx?Item=9SIA1K50PS6032,http://www.amazon.com/Canon-Rebel-18-0-Digital-18-55mm/dp/B00BW6LY2Y,100.00
http://www.newegg.com/Product/Product.aspx?Item=9SIA04D0RC9923,http://www.amazon.com/Canon-18-135mm-Advanced-Accessory-Microfiber/dp/B00CMR0U2M,100.00
http://www.newegg.com/Product/Product.aspx?Item=9SIA0ZS0HW3426,http://www.amazon.com/Canon-T2i-Processor-3-0-inch-18-55mm/dp/B0035FZJHQ,100.00
http://www.newegg.com/Product/Product.aspx?Item=9SIA29P0XW6928,http://www.amazon.com/D3200-Camera-Automatic-Telephoto-Accessory/dp/B0089FYYHI,100.00
http://www.newegg.com/Product/Product.aspx?Item=9SIA1T50P45491,http://www.amazon.com/Pelican-Performance-Designed-Products-HARDBACK/dp/B00B7PPL8I,80.79
http://www.newegg.com/Product/Product.aspx?Item=9SIA0ZS0R92766,http://www.amazon.com/Canon-Digital-3-0-Inch-18-135mm-Standard/dp/B0040JHVC2,100.00
http://www.newegg.com/Product/Product.aspx?Item=9SIA1K50SF1887,http://www.amazon.com/Polaroid-Telephoto-Cleaning-Accessory-55-250mm/dp/B0073X6IPI,70.16
http://www.newegg.com/Product/Product.aspx?Item=9SIA29P1186251,http://www.amazon.com/Camera-STM-70-300mm-Telephoto-Accessory/dp/B00COTZ8PM,100.00
http://www.newegg.com/Product/Product.aspx?Item=9SIA1JX0KC6791,http://www.amazon.com/Canon-60D-3-0-Inch-18-200mm-Standard/dp/B0049WJWJ0,88.49
http://www.newegg.com/Product/Product.aspx?Item=9SIA29P0YW6800,http://www.amazon.com/Canon-Digital-Camera-Bundle-Accessory/dp/B00CIB2X1I,100.00
http://www.newegg.com/Product/Product.aspx?Item=9SIA29P0XZ6563,http://www.amazon.com/Nikon-Digital-Double-Zoom-18-55mm-55-200mm/dp/B00CCGZ6PO,100.00
http://www.newegg.com/Product/Product.aspx?Item=9SIA0ZS0R93004,http://www.amazon.com/Canon-Digital-75-300mm-Telephoto-Accessory/dp/B004Q79BIA,100.00
http://www.newegg.com/Product/Product.aspx?Item=9SIA0ZS18R5088,http://www.amazon.com/Canon-SL1-Telephoto-Autofocus-Accessory/dp/B00GJX4OB8,86.38
http://www.newegg.com/Product/Product.aspx?Item=9SIA1K50PS5998,http://www.amazon.com/55-250mm-4-0-5-6-Telephoto-Digital-Accessory/dp/B00DOI8ZAW,93.79
http://www.newegg.com/Product/Product.aspx?Item=9SIA0ZX1AU6162,http://www.amazon.com/Lexar-Professional-Card-Reader-LRW026URBNA/dp/B00B1N0780,80.70
http://www.newegg.com/Product/Product.aspx?Item=9SIA1K50SN0272,http://www.amazon.com/Fujifilm-X100-Digital-Fujinon-2-8-Inch/dp/B0043RS864,80.00
http://www.newegg.com/Product/Product.aspx?Item=9SIA0MP0G39279,http://www.amazon.com/Canon-EOS-Rebel-T3i-Kit/dp/B0076ZKDKO,100.00
http://www.newegg.com/Product/Product.aspx?Item=9SIA04D0R19181,http://www.amazon.com/18-55mm-3-5-5-6-External-DavisMAX-Accessory/dp/B0076D21AG,68.74
http://www.newegg.com/Product/Product.aspx?Item=9SIA0ZS0R99387,http://www.amazon.com/75-300mm-Telephoto-55-250mm-External-Kit-DavisMAX/dp/B00CF1JR4C,100.00
http://www.newegg.com/Product/Product.aspx?Item=9SIA1K50T19981,http://www.amazon.com/Pentax-Digital-18-55mm-3-5-5-6-Includes/dp/B00DMIT6DE,100.00
http://www.newegg.com/Product/Product.aspx?Item=9SIA1K50S89743,http://www.amazon.com/USM-Telephoto-Lens-Focus-Accessory/dp/B000MQJ1DO,100.00
http://www.newegg.com/Product/Product.aspx?Item=9SIA29P1009740,http://www.amazon.com/D3200-Digital-Camera-18-55mm-Accessory/dp/B009DO538I,100.00
http://www.newegg.com/Product/Product.aspx?Item=9SIA0ZS0R66225,http://www.amazon.com/75-300mm-Telephoto-55-250mm-External-Kit-DavisMAX/dp/B00CF1JR4C,100.00
http://www.newegg.com/Product/Product.aspx?Item=9SIA0ZS0R66228,http://www.amazon.com/CANON-Megapixel-Digital-Camera-8595B001/dp/B00DID4750,94.46
http://www.newegg.com/Product/Product.aspx?Item=9SIA29P13W7698,http://www.amazon.com/Nikon-D3000-10-2MP-Digital-Camera/dp/B002P8CZ3A,100.00
http://www.newegg.com/Product/Product.aspx?Item=9SIA04D0RH0068,http://www.amazon.com/Canon-18-55mm-Accessory-Including-Microfiber/dp/B00CO6RB96,100.00
http://www.newegg.com/Product/Product.aspx?Item=9SIA0ZS0HD0606,http://www.amazon.com/Canon-Digital-75-300mm-Telephoto-Accessory/dp/B0046D22LW,100.00
http://www.newegg.com/Product/Product.aspx?Item=9SIA29P1003877,http://www.amazon.com/D3200-Digital-Camera-18-55mm-Accessory/dp/B008Y24KQG,100.00
http://www.newegg.com/Product/Product.aspx?Item=9SIA29P1BU4301,http://www.amazon.com/Canon-Digital-75-300mm-Telephoto-Accessory/dp/B00HF8ZDFW,100.00
http://www.newegg.com/Product/Product.aspx?Item=9SIA1K50T19965,http://www.amazon.com/Pentax-Digital-Camera-Crystal-Includes/dp/B00DMIDUC2,91.85
http://www.newegg.com/Product/Product.aspx?Item=9SIA13X0YV9557,http://www.amazon.com/Pentax-18-55mm-f-3-5-5-6-50-200mm-10997/dp/B00DTEYFZA,100.00
http://www.newegg.com/Product/Product.aspx?Item=9SIA1J718W4518,http://www.amazon.com/Teac-UDH01-S-Digital-Converter-Interface/dp/B00647H30S,96.83
http://www.newegg.com/Product/Product.aspx?Item=9SIA04D0RC9933,http://www.amazon.com/Canon-Digital-including-Microfiber-Professional/dp/B00CMBOGYG,100.00
http://www.newegg.com/Product/Product.aspx?Item=9SIA04D0RH0071,http://www.amazon.com/Canon-Accessory-Including-Microfiber-Professional/dp/B00CO6T37O,100.00
http://www.newegg.com/Product/Product.aspx?Item=9SIA0ZS0R99262,http://www.amazon.com/Canon-Digital-Camera-3-inch-Touchscreen/dp/B00894YYP6,100.00
http://www.newegg.com/Product/Product.aspx?Item=9SIA0ZS0R99303,http://www.amazon.com/75-300mm-Telephoto-55-250mm-External-Kit-DavisMAX/dp/B00CF1JR4C,100.00
http://www.newegg.com/Product/Product.aspx?Item=9SIA1K519S0596,http://www.amazon.com/Digital-18-55mm-3-5-5-6G-Zoom-Nikkor-Autofocus/dp/B00ENMW70W,100.00
http://www.newegg.com/Product/Product.aspx?Item=9SIA29P0Y15043,http://www.amazon.com/Camera-STM-75-300mm-Telephoto-Accessory/dp/B00COR4Q2K,100.00
http://www.newegg.com/Product/Product.aspx?Item=9SIA29P1892703,http://www.amazon.com/Pentax-K-3-Camera-3-2-Inch-Focus/dp/B00FXXRWYQ,73.14
http://www.newegg.com/Product/Product.aspx?Item=9SIA0ZS18R5078,http://www.amazon.com/Canon-Digital-75-300mm-Telephoto-Accessory/dp/B004VN920G,91.80
http://www.newegg.com/Product/Product.aspx?Item=9SIA1K50F32554,http://www.amazon.com/Canon-18-200mm-Standard-Telephoto-Accessory/dp/B00BMU9BP2,63.70
http://www.newegg.com/Product/Product.aspx?Item=9SIA1T511V5945,,
http://www.newegg.com/Product/Product.aspx?Item=9SIA0MP0G38931,http://www.amazon.com/Rebel-T3-Digital-18-55mm-Accessory/dp/B005WUGI04,100.00
http://www.newegg.com/Product/Product.aspx?Item=9SIA1K50ZJ8858,http://www.amazon.com/Panasonic-Four-Thirds-Interchangeable-3-0-Inch-Touch-Screen/dp/B004A8ZQJS,100.00
http://www.newegg.com/Product/Product.aspx?Item=9SIA33C1A45006,,
http://www.newegg.com/Product/Product.aspx?Item=9SIA29P0YU4871,http://www.amazon.com/Nikon-Digital-18-55mm-55-300mm-Accessory/dp/B00B3VIVXS,100.00
http://www.newegg.com/Product/Product.aspx?Item=9SIA29P0YE1758,http://www.amazon.com/D5200-Digital-Camera-18-55mm-Accessory/dp/B00B5HW5FK,100.00
http://www.newegg.com/Product/Product.aspx?Item=9SIA13X0UN1807,http://www.amazon.com/Pentax-Digital-Camera-18-55mm-f3-5-5-6/dp/B00DBPKAA6,100.00
http://www.newegg.com/Product/Product.aspx?Item=9SIA0ZS0R99273,http://www.amazon.com/Canon-Rebel-Digital-Camera-18-135mm/dp/B00894YX2U,100.00
http://www.newegg.com/Product/Product.aspx?Item=9SIA29P0XE2612,http://www.amazon.com/D5200-Camera-3-5-5-6G-55-300mm-Accessory/dp/B00B787JRQ,100.00
http://www.newegg.com/Product/Product.aspx?Item=9SIA1J20NT5912,http://www.amazon.com/D3200-Camera-Automatic-Telephoto-Accessory/dp/B0089FYYHI,100.00
http://www.newegg.com/Product/Product.aspx?Item=9SIA04D0RH0065,http://www.amazon.com/Canon-Accessory-Including-Microfiber-Professional/dp/B00CO6SF6O,100.00
http://www.newegg.com/Product/Product.aspx?Item=9SIA0ZS0RN6489,http://www.amazon.com/Canon-SL1-Telephoto-Autofocus-Accessory/dp/B00GJX4OB8,100.00
http://www.newegg.com/Product/Product.aspx?Item=9SIA1K50ZK2562,http://www.amazon.com/Standard-Autofocus-Accessory-HeroFiber%C2%AE-Cleaning/dp/B00DSCYV2K,96.23
http://www.newegg.com/Product/Product.aspx?Item=9SIA1K50SM1377,http://www.amazon.com/Fujifilm-16-3MP-Compact-Digital-2-8-Inch/dp/B00F9K5H7M,63.65
http://www.newegg.com/Product/Product.aspx?Item=9SIA0ZS0FU7916,http://www.amazon.com/Canon-Frame-Digital-Camera-24-105mm/dp/B007FGZ1V0,100.00
http://www.newegg.com/Product/Product.aspx?Item=9SIA1J713D8907,http://www.amazon.com/Teac-AH01-S-Stereo-Amplifier-Converter/dp/B00647G78M,60.90
http://www.newegg.com/Product/Product.aspx?Item=9SIA1CZ0SG9313,http://www.amazon.com/Nikon-14-2MP-Digital-18-55mm-3-5-5-6/dp/B003ZYF3LO,100.00
http://www.newegg.com/Product/Product.aspx?Item=9SIA04D0RC9927,http://www.amazon.com/18-135mm-F3-5-5-6-Replacement-Telephoto-DavisMAX/dp/B00EPOJ5MG,100.00
http://www.newegg.com/Product/Product.aspx?Item=9SIA1K50F09666,http://www.amazon.com/SX40-HS-Stabilized-Vari-Angle-Batteries/dp/B00872QUEI,63.77
http://www.newegg.com/Product/Product.aspx?Item=9SIA22A18A4499,http://www.amazon.com/Canon-Processor-Digital-75-300mm-Telephoto/dp/B005Z3DWMK,100.00
http://www.newegg.com/Product/Product.aspx?Item=9SIA2GA0V85558,http://www.amazon.com/D3200-Telephoto-Zoom-nikkor-Professional-Definition/dp/B00GQFELIU,100.00
http://www.newegg.com/Product/Product.aspx?Item=9SIA0ZS0ZM4572,http://www.amazon.com/Canon-55-250mm-4-0-5-6-Telephoto-Accessory/dp/B00DS6YXGK,78.21
http://www.newegg.com/Product/Product.aspx?Item=9SIA0MP0NY5401,http://www.amazon.com/Pentax-Megapixel-Digital-Camera-Lens/dp/B0088XB2U8,100.00
http://www.newegg.com/Product/Product.aspx?Item=9SIA0ZS0R92502,http://www.amazon.com/Canon-Digital-75-300mm-Telephoto-Accessory/dp/B0046D22LW,100.00
http://www.newegg.com/Product/Product.aspx?Item=9SIA0ZS0YV4089,http://www.amazon.com/Canon-Digital-18-55mm-75-300mm-Telephoto/dp/B005Z3DWIY,100.00
http://www.newegg.com/Product/Product.aspx?Item=9SIA0ZS0G97358,http://www.amazon.com/Canon-Powershot-Wide-Angle-Stabilized-Vari-Angle/dp/B006YW711O,90.95
http://www.newegg.com/Product/Product.aspx?Item=9SIA1K50F33301,http://www.amazon.com/Canon-5D-75-300mm-Telephoto-Accessory/dp/B00GXC8WFY,98.65
http://www.newegg.com/Product/Product.aspx?Item=9SIA1K50SM1370,http://www.amazon.com/Fujifilm-X-E1-18-55mm-Lens-Silver/dp/B0092MD6QW,100.00
http://www.newegg.com/Product/Product.aspx?Item=9SIA0ZS18R4614,http://www.amazon.com/Camera-STM-75-300mm-Telephoto-Accessory/dp/B00COR4Q2K,86.38
http://www.newegg.com/Product/Product.aspx?Item=9SIA1T50NV7241,http://www.amazon.com/Gary-Fong-Gearguard-Security-Combination/dp/B0060AZRIY,71.59
http://www.newegg.com/Product/Product.aspx?Item=9SIA29P17C9331,http://www.amazon.com/D5200-Camera-3-5-5-6G-55-300mm-Accessory/dp/B00B5JUYOM,100.00
http://www.newegg.com/Product/Product.aspx?Item=9SIA04D0RC9924,http://www.amazon.com/Canon-Digital-Accessory-Including-Telephoto/dp/B00CMCAMPC,100.00
http://www.newegg.com/Product/Product.aspx?Item=9SIA0ZS1924364,http://www.amazon.com/Camera-STM-55-250mm-Telephoto-Accessory/dp/B00COSHR20,92.31
http://www.newegg.com/Product/Product.aspx?Item=9SIA1CZ1C21178,http://www.amazon.com/D3200-Camera-Automatic-Telephoto-Accessory/dp/B0089FYYHI,100.00
http://www.newegg.com/Product/Product.aspx?Item=9SIA1K514P0353,http://www.amazon.com/18-135mm-3-5-5-6-Standard-Cameras-DavisMAX/dp/B004LP6HUM,100.00
http://www.newegg.com/Product/Product.aspx?Item=9SIA1K50SF1889,http://www.amazon.com/Canon-Digital-18-55mm-3-5-5-6-Accessory/dp/B004VGDFD8,100.00
http://www.newegg.com/Product/Product.aspx?Item=9SIA1K514P0350,http://www.amazon.com/Canon-T5i-18-135mm-Accessory-Kit/dp/B00DH2ESP6,100.00
http://www.newegg.com/Product/Product.aspx?Item=9SIA0ZS0HW3434,http://www.amazon.com/55-250mm-4-0-5-6-Telephoto-Digital-Accessory/dp/B00DOI8ZAW,100.00
http://www.newegg.com/Product/Product.aspx?Item=9SIA0ZS0RN8645,http://www.amazon.com/Canon-SL1-Telephoto-Autofocus-Accessory/dp/B00GJX4OB8,100.00
http://www.newegg.com/Product/Product.aspx?Item=9SIA29P0X96759,http://www.amazon.com/Camera-STM-55-250mm-Telephoto-Accessory/dp/B00COSHR20,100.00
http://www.newegg.com/Product/Product.aspx?Item=9SIA1J20MV7835,http://www.amazon.com/Sony-SLT-A99V-Full-Frame-Digital-Camera/dp/B0096W1P6G,100.00
http://www.newegg.com/Product/Product.aspx?Item=9SIA0ZS0R92771,http://www.amazon.com/Canon-Digital-75-300mm-Telephoto-Accessory/dp/B004VN920G,100.00
http://www.newegg.com/Product/Product.aspx?Item=9SIA29P1156133,http://www.amazon.com/EOS-60D-Camera-Stabilized-Focus/dp/B00B1W0FQA,100.00
http://www.newegg.com/Product/Product.aspx?Item=9SIA1K50JP1251,http://www.amazon.com/Canon-Rebel-18-0-Digital-18-55mm/dp/B00894YWD0,100.00
http://www.newegg.com/Product/Product.aspx?Item=9SIA1K51BY6565,http://www.amazon.com/Pentax-K-3-lens-kit-18-135mm/dp/B00FKLQ0FS,65.71
http://www.newegg.com/Product/Product.aspx?Item=9SIA1T513J0902,,
http://www.newegg.com/Product/Product.aspx?Item=9SIA0ZS0R93007,http://www.amazon.com/Canon-Digital-75-300mm-Telephoto-Accessory/dp/B004Q79BIA,100.00
http://www.newegg.com/Product/Product.aspx?Item=9SIA1T50NV5737,http://www.amazon.com/Tenba-638-237-Large-Messenger-Chocolate/dp/B0013GJD8A,51.40
http://www.newegg.com/Product/Product.aspx?Item=9SIA1JX0KC6690,http://www.amazon.com/Camera-Ultrasonic-Motorized-Lens-Accessory/dp/B004QD8V0S,100.00
http://www.newegg.com/Product/Product.aspx?Item=9SIA1K50SF7169,http://www.amazon.com/Replacement-International-Lightweight-Professional-Multi-Power/dp/B00IA4E0LI,100.00
http://www.newegg.com/Product/Product.aspx?Item=9SIA13X0UM5881,http://www.amazon.com/Pentax-Digital-Camera-18-135mm-f3-5-5-6/dp/B00DBPK99S,100.00
http://www.newegg.com/Product/Product.aspx?Item=9SIA0ZS1924436,http://www.amazon.com/Canon-Digital-75-300mm-Telephoto-Accessory/dp/B004VN920G,81.94
http://www.newegg.com/Product/Product.aspx?Item=9SIA0ZS1053904,http://www.amazon.com/Canon-Frame-Digital-Camera-24-105mm/dp/B007FGZ1V0,90.35
http://www.newegg.com/Product/Product.aspx?Item=9SIA1T50RA3754,http://www.amazon.com/Dot-Line-Universal-Adapter-Smartphones/dp/B00BSYJ1PW,51.40
http://www.newegg.com/Product/Product.aspx?Item=9SIA1J20PF2993,http://www.amazon.com/Sony-SLT-A58K-Digital-18-55mm-20-1MP/dp/B00BF9MVMK,100.00
http://www.newegg.com/Product/Product.aspx?Item=9SIA29P0YW6806,http://www.amazon.com/Digital-Camera-Bundle-Deluxe-Accessory/dp/B00CICU8SM,100.00
http://www.newegg.com/Product/Product.aspx?Item=9SIA1JX0KC6798,http://www.amazon.com/Canon-Digital-Accessory-HeroFiber%C2%AE-Cleaning/dp/B00EA8CG3C,71.85
http://www.newegg.com/Product/Product.aspx?Item=9SIA1JX0KC7121,http://www.amazon.com/Canon-Digital-Telephoto-Replacement-Accessory/dp/B004O2DODK,100.00
http://www.newegg.com/Product/Product.aspx?Item=9SIA1K50HJ1666,http://www.amazon.com/Pentax-K-5-Digital-Black-Body/dp/B0043M6F14,97.30
http://www.newegg.com/Product/Product.aspx?Item=9SIA29P0X96788,http://www.amazon.com/Digital-18-135mm-3-5-5-6-Standard-Accessory/dp/B004V4SECW,100.00
http://www.newegg.com/Product/Product.aspx?Item=9SIA29P0XE1498,http://www.amazon.com/D5200-Camera-3-5-5-6G-55-300mm-Accessory/dp/B00B787JRQ,100.00
http://www.newegg.com/Product/Product.aspx?Item=9SIA1T50NV8871,,
http://www.newegg.com/Product/Product.aspx?Item=9SIA1K50PS6003,http://www.amazon.com/75-300mm-Telephoto-55-250mm-External-Kit-DavisMAX/dp/B00CF1JR4C,63.21
http://www.newegg.com/Product/Product.aspx?Item=9SIA1K50KG3245,http://www.amazon.com/Canon-Digital-75-300mm-Telephoto-Accessory/dp/B004Q79BIA,100.00
http://www.newegg.com/Product/Product.aspx?Item=9SIA36V1AR7865,http://www.amazon.com/Panasonic-DMC-TS25-Digital-Camera-Intelligent/dp/B00ATE7TQA,61.37
http://www.newegg.com/Product/Product.aspx?Item=9SIA1K50SF1949,http://www.amazon.com/75-300mm-Telephoto-Replacement-Battery-Kit-DavisMAX/dp/B00CLE34WY,95.02
http://www.newegg.com/Product/Product.aspx?Item=9SIA0ZS1A71317,http://www.amazon.com/EOS-7D-28-135mm-Accessory-Kit/dp/B0058E452C,100.00
http://www.newegg.com/Product/Product.aspx?Item=9SIA0ZS1133230,http://www.amazon.com/18-135mm-3-5-5-6-Standard-Cameras-DavisMAX/dp/B004LP6HUM,90.75
http://www.newegg.com/Product/Product.aspx?Item=9SIA2GA0V84531,http://www.amazon.com/Nikon-12-3MP-DX-Format-Digital-3-0-Inch/dp/B002JCSV6M,100.00
http://www.newegg.com/Product/Product.aspx?Item=9SIA0ZS18Y4674,http://www.amazon.com/Canon-20-2-Digital-Camera-Pixel/dp/B00DMS0GTC,51.85
http://www.newegg.com/Product/Product.aspx?Item=9SIA29P0XW9191,http://www.amazon.com/D3200-Camera-3-5-5-6G-70-300mm-Accessory/dp/B009DLAD5O,100.00
http://www.newegg.com/Product/Product.aspx?Item=9SIA29P1347339,http://www.amazon.com/70D-Digital-Camera-Protector-Universal/dp/B00EUF8NA0,100.00
http://www.newegg.com/Product/Product.aspx?Item=9SIA0ZS0FS7109,http://www.amazon.com/Canon-T3i-Digital-Imaging-18-55mm/dp/B004J3V90Y,100.00
http://www.newegg.com/Product/Product.aspx?Item=9SIA1J20M52531,http://www.amazon.com/Nikon-D800E-FX-Format-Digital-Camera/dp/B005OL2ID2,100.00
http://www.newegg.com/Product/Product.aspx?Item=9SIA04D0R19212,http://www.amazon.com/18-55mm-3-5-5-6-External-DavisMAX-Accessory/dp/B0076D21AG,65.65
http://www.newegg.com/Product/Product.aspx?Item=9SIA0ZS1C40656,http://www.amazon.com/Canon-Digital-75-300mm-Backpack-Accessory/dp/B00CIBRAKW,100.00
http://www.newegg.com/Product/Product.aspx?Item=9SIA1K50T20000,http://www.amazon.com/Pentax-Digital-Camera-18-55mm-f3-5-5-6/dp/B00DBPKAAG,95.98
http://www.newegg.com/Product/Product.aspx?Item=9SIA29P12S4364,http://www.amazon.com/Canon-Processor-Digital-75-300mm-Telephoto/dp/B005Z3DWMK,100.00
http://www.newegg.com/Product/Product.aspx?Item=9SIA0ZS0FE0547,http://www.amazon.com/Canon-CMOS-Digital-Camera-3-0-Inch/dp/B0040JHVCC,70.78
http://www.newegg.com/Product/Product.aspx?Item=9SIA0ZS0FT6064,http://www.amazon.com/Canon-Rebel-Digital-Camera-Imaging/dp/B005LW580O,77.21
http://www.newegg.com/Product/Product.aspx?Item=9SIA1J20RE8407,http://www.amazon.com/Leica-18191-12-7MP-Compact-3-0-Inch/dp/B009E562VS,100.00
http://www.newegg.com/Product/Product.aspx?Item=9SIA1K50XK4111,http://www.amazon.com/Panasonic-Four-Thirds-Interchangeable-3-0-Inch-Touch-Screen/dp/B004A8ZQJS,100.00
http://www.newegg.com/Product/Product.aspx?Item=9SIA29P0XZ6612,http://www.amazon.com/Nikon-D3100-Digital-18-55mm-Accessory/dp/B00420LJMC,88.39
http://www.newegg.com/Product/Product.aspx?Item=9SIA04D0RC9920,http://www.amazon.com/18-135mm-F3-5-5-6-Telephoto-Replacement-DavisMAX/dp/B00EPOJ69I,100.00
http://www.newegg.com/Product/Product.aspx?Item=9SIA1K50PP3266,http://www.amazon.com/Panasonic-DMC-GF3KW-Compact-Touch-Screen-14-42mm/dp/B0058SDGW8,100.00
http://www.newegg.com/Product/Product.aspx?Item=9SIA0ZS0RN9635,http://www.amazon.com/CANON-8575B001-Megapixel-Digital-Camera/dp/B00DQ1NZQ6,100.00
http://www.newegg.com/Product/Product.aspx?Item=9SIA0ZS0R66229,http://www.amazon.com/18-135mm-3-5-5-6-Standard-Cameras-DavisMAX/dp/B004LP6HUM,100.00
http://www.newegg.com/Product/Product.aspx?Item=9SIA04D0RC9930,http://www.amazon.com/Camera-STM-75-300mm-Telephoto-Accessory/dp/B00COR4Q2K,100.00
http://www.newegg.com/Product/Product.aspx?Item=9SIA29P0Y35664,http://www.amazon.com/Canon-Digital-18-55mm-3-5-5-6-Accessory/dp/B009POEI3C,100.00
http://www.newegg.com/Product/Product.aspx?Item=9SIA29P1003081,http://www.amazon.com/Canon-18-55mm-Pixel-70-300mm-4-0-5-6/dp/B00EUI90GI,100.00
http://www.newegg.com/Product/Product.aspx?Item=9SIA29P1003880,http://www.amazon.com/D5200-Camera-3-5-5-6G-55-300mm-Accessory/dp/B00B5JUYOM,100.00
http://www.newegg.com/Product/Product.aspx?Item=9SIA29P0XE2343,http://www.amazon.com/D3200-Digital-Camera-18-55mm-Accessory/dp/B0085F85HW,100.00
http://www.newegg.com/Product/Product.aspx?Item=9SIA29P13W8702,http://www.amazon.com/Nikon-D3100-Digital-Camera-18-55mm/dp/B006GDOHSQ,100.00
http://www.newegg.com/Product/Product.aspx?Item=9SIA0ZS0HD0607,http://www.amazon.com/Canon-Digital-75-300mm-Telephoto-Accessory/dp/B0046D22LW,100.00
http://www.newegg.com/Product/Product.aspx?Item=9SIA0ZS0R92965,http://www.amazon.com/Canon-Digital-75-300mm-Telephoto-Accessory/dp/B004VN920G,100.00
http://www.newegg.com/Product/Product.aspx?Item=9SIA0ZS1009913,http://www.amazon.com/18-135mm-F3-5-5-6-Telephoto-Replacement-DavisMAX/dp/B00EPOJ4RC,85.57
http://www.newegg.com/Product/Product.aspx?Item=9SIA1K514P0349,http://www.amazon.com/18-135mm-3-5-5-6-Standard-Cameras-DavisMAX/dp/B004LP6HUM,100.00
http://www.newegg.com/Product/Product.aspx?Item=N82E16830113584,http://www.amazon.com/Nikon-Digital-18-55mm-3-5-5-6-NIKKOR/dp/B007VGGFZU,100.00
http://www.newegg.com/Product/Product.aspx?Item=9SIA04D0RH0069,http://www.amazon.com/Canon-18-55mm-Accessory-Including-Microfiber/dp/B00CO6BOU8,100.00
http://www.newegg.com/Product/Product.aspx?Item=9SIA1K50S89712,http://www.amazon.com/USM-Telephoto-Lens-Focus-Accessory/dp/B000MQJ1DO,100.00
http://www.newegg.com/Product/Product.aspx?Item=9SIA04D0RH0063,http://www.amazon.com/Canon-18-55mm-Accessory-Including-Microfiber/dp/B00CO6QSWC,100.00
http://www.newegg.com/Product/Product.aspx?Item=9SIA1T514K3516,http://www.amazon.com/Dot-Line-S-014438-Pico-Dolly/dp/B005R007SS,52.40
http://www.newegg.com/Product/Product.aspx?Item=9SIA0ZS0R66226,http://www.amazon.com/Camera-STM-75-300mm-Telephoto-Accessory/dp/B00COR4Q2K,100.00
http://www.newegg.com/Product/Product.aspx?Item=9SIA0ZS0R92003,http://www.amazon.com/Canon-CMOS-Digital-Camera-3-Inch/dp/B002NEGTTW,100.00
http://www.newegg.com/Product/Product.aspx?Item=9SIA0ZS0R99265,http://www.amazon.com/Digital-Camera-55-250mm-Telephoto-Accessory/dp/B00A2ATBTO,100.00
http://www.newegg.com/Product/Product.aspx?Item=9SIA2GA1050856,http://www.amazon.com/Canon-20-2-Digital-Camera-Pixel/dp/B00DMS0GTC,100.00
http://www.newegg.com/Product/Product.aspx?Item=9SIA29P0YV0504,http://www.amazon.com/D5200-Digital-Camera-18-55mm-Accessory/dp/B00B76Y9US,100.00
http://www.newegg.com/Product/Product.aspx?Item=9SIA0ZS0FV4431,http://www.amazon.com/Digital-Camera-55-250mm-Telephoto-Accessory/dp/B00A2ATBTO,100.00
http://www.newegg.com/Product/Product.aspx?Item=9SIA29P0X98251,http://www.amazon.com/Canon-Processor-Digital-55-250mm-Telephoto/dp/B005Z3DWOI,100.00
http://www.newegg.com/Product/Product.aspx?Item=9SIA1K50SZ9060,http://www.amazon.com/Pentax-K-5-Digital-18-55mm-Black/dp/B0043M6F1E,73.44
http://www.newegg.com/Product/Product.aspx?Item=9SIA1K50PS6031,http://www.amazon.com/75-300mm-Telephoto-55-250mm-External-Kit-DavisMAX/dp/B00CF1JR4C,68.34
http://www.newegg.com/Product/Product.aspx?Item=9SIA0ZS10T8696,,
http://www.newegg.com/Product/Product.aspx?Item=9SIA29P1182141,http://www.amazon.com/70D-Digital-Camera-18-55mm-Protector/dp/B00EUEHTII,100.00
http://www.newegg.com/Product/Product.aspx?Item=9SIA0ZS0R92760,http://www.amazon.com/Canon-60D-18-200mm-Standard-Beginners/dp/B009WRV0VA,100.00
http://www.newegg.com/Product/Product.aspx?Item=9SIA0ZS0HC7719,http://www.amazon.com/Canon-T2i-Processor-3-0-inch-18-55mm/dp/B0035FZJHQ,100.00
http://www.newegg.com/Product/Product.aspx?Item=9SIA1K50SF7187,http://www.amazon.com/75-300mm-Telephoto-55-250mm-External-Kit-DavisMAX/dp/B00CF1JR4C,94.85
http://www.newegg.com/Product/Product.aspx?Item=9SIA1T50P36671,http://www.amazon.com/Rode-VideoMic-Pro-Directional-Microphone/dp/B006HVIRM4,57.64
http://www.newegg.com/Product/Product.aspx?Item=9SIA29P16K5991,http://www.amazon.com/Canon-EOS-1D-18-1MP-Digital-Camera/dp/B005Y3T1AI,100.00
http://www.newegg.com/Product/Product.aspx?Item=9SIA0ZS17N4015,http://www.amazon.com/Canon-Rebel-Digital-Camera-18-55mm/dp/B00BW6LWO4,57.51
http://www.newegg.com/Product/Product.aspx?Item=9SIA1T50NW1327,http://www.amazon.com/Datacolor-S4CAP100-Spyder-Capture-Silver/dp/B009FTWHFI,57.83
http://www.newegg.com/Product/Product.aspx?Item=9SIA04D0RH0073,http://www.amazon.com/Canon-Accessory-Including-Microfiber-Professional/dp/B00CO6TUKE,100.00
http://www.newegg.com/Product/Product.aspx?Item=9SIA29P0XM8987,http://www.amazon.com/D3200-Camera-3-5-5-6G-70-300mm-Accessory/dp/B0085YNCM6,100.00
http://www.newegg.com/Product/Product.aspx?Item=9SIA1JX0KC6780,http://www.amazon.com/EOS-7D-28-135mm-Accessory-Kit/dp/B0058E452C,100.00
http://www.newegg.com/Product/Product.aspx?Item=9SIA0MP0G39250,http://www.amazon.com/Canon-Digital-75-300mm-Telephoto-Accessory/dp/B004Q79BIA,100.00
http://www.newegg.com/Product/Product.aspx?Item=9SIA29P0YU4878,http://www.amazon.com/Canon-EOS-60D-Body-18-200mm/dp/B008VG1HSO,100.00
http://www.newegg.com/Product/Product.aspx?Item=9SIA0ZS18R5080,http://www.amazon.com/Canon-Digital-18-55mm-3-5-5-6-Accessory/dp/B004Q6LMSI,94.70
http://www.newegg.com/Product/Product.aspx?Item=9SIA0ZS0R99365,http://www.amazon.com/Camera-STM-75-300mm-Telephoto-Accessory/dp/B00COR4Q2K,100.00
http://www.newegg.com/Product/Product.aspx?Item=9SIA1K514P0348,http://www.amazon.com/Canon-Camera-18-55mm-3-5-5-6-Package/dp/B00D8HE6AM,100.00
http://www.newegg.com/Product/Product.aspx?Item=9SIA0ZS0R99276,http://www.amazon.com/CANON-Megapixel-Digital-Camera-8595B001/dp/B00DID4750,94.46
http://www.newegg.com/Product/Product.aspx?Item=9SIA2GA15F6669,http://www.amazon.com/Nikon-1527-FX-Format-Digital-3-2-Inch/dp/B00GD1KBLI,82.11
http://www.newegg.com/Product/Product.aspx?Item=9SIA1J21BW9429,http://www.amazon.com/Nikon-Digital-Camera-18-55mm-3-5-5-6G/dp/B00I1CPA0O,100.00
http://www.newegg.com/Product/Product.aspx?Item=9SIA04D0RH0066,http://www.amazon.com/Canon-Accessory-Including-Microfiber-Professional/dp/B00CO6TUKE,100.00
http://www.newegg.com/Product/Product.aspx?Item=9SIA1K50T19976,http://www.amazon.com/Pentax-Digital-18-55mm-3-5-5-6-Includes/dp/B00DMIM51E,100.00
http://www.newegg.com/Product/Product.aspx?Item=9SIA2GA0V86738,http://www.amazon.com/D7000-DX-Format-Digital-Camera-Accessory/dp/B004IMC34C,100.00
http://www.newegg.com/Product/Product.aspx?Item=9SIA1J20PF3128,http://www.amazon.com/Nikon-D800-FX-Format-Digital-Camera/dp/B0076AYNXM,100.00
http://www.newegg.com/Product/Product.aspx?Item=9SIA0ZS0R93022,http://www.amazon.com/Digital-Camera-55-250mm-Telephoto-Accessory/dp/B00A2ATBTO,100.00
http://www.newegg.com/Product/Product.aspx?Item=9SIA0ZS18R5043,http://www.amazon.com/Camera-STM-75-300mm-Telephoto-Accessory/dp/B00COR4Q2K,85.32
http://www.newegg.com/Product/Product.aspx?Item=9SIA1T511V5734,http://www.amazon.com/Lexar-Professional-Workflow-Four-Bay-LRWHR1RBNA/dp/B00EJ8CKRU,53.80
http://www.newegg.com/Product/Product.aspx?Item=9SIA29P0YU3864,http://www.amazon.com/D5200-Camera-3-5-5-6G-55-300mm-Accessory/dp/B00B5JUYOM,100.00
http://www.newegg.com/Product/Product.aspx?Item=9SIA1K50F42284,http://www.amazon.com/Nikon-16-2MP-Digital-Vari-Angle-Monitor/dp/B004V4IWHY,100.00
http://www.newegg.com/Product/Product.aspx?Item=9SIA31U1175722,http://www.amazon.com/Canon-Digital-Camera-24-105mm-Master/dp/B00CF19VN4,100.00
http://www.newegg.com/Product/Product.aspx?Item=9SIA1K50S35906,http://www.amazon.com/Nikon-16-2MP-Digital-Vari-Angle-Monitor/dp/B004V4IWHY,100.00
http://www.newegg.com/Product/Product.aspx?Item=9SIA29P0ZM8217,http://www.amazon.com/Pentax-Digital-Camera-18-55mm-f3-5-5-6/dp/B00DBPKAAG,100.00
http://www.newegg.com/Product/Product.aspx?Item=9SIA1T514B1925,http://www.amazon.com/Profoto-901105-Battery-Cameras-Cassette/dp/B003DNSC1U,53.25
http://www.newegg.com/Product/Product.aspx?Item=9SIA04D0RC9926,http://www.amazon.com/Canon-Advanced-Accessory-including-Telephoto/dp/B00CMC0C98,100.00
http://www.newegg.com/Product/Product.aspx?Item=9SIA1K50PV5523,http://www.amazon.com/Sony-SLT-A65VK-Translucent-Protectors-Cleaning/dp/B005OB8PFM,81.27
http://www.newegg.com/Product/Product.aspx?Item=9SIA1K514P0612,http://www.amazon.com/Canon-Digital-18-135mm-55-250mm-Battery/dp/B00DWHVCAU,90.75
http://www.newegg.com/Product/Product.aspx?Item=9SIA13X0US5985,http://www.amazon.com/Pentax-Digital-18-55mm-f3-5-5-6-50-200mm/dp/B00DBPK97K,100.00
http://www.newegg.com/Product/Product.aspx?Item=9SIA0ZX1011114,http://www.amazon.com/PRO-SDXC-128GB-600X-UHS-I/dp/B00HVNSW5E,61.51
http://www.newegg.com/Product/Product.aspx?Item=9SIA1K514P0352,http://www.amazon.com/Canon-EOS-Rebel-Digital-Camera/dp/B00BW6LXHA,62.85
http://www.newegg.com/Product/Product.aspx?Item=9SIA0ZS0FD9301,http://www.amazon.com/Canon-Digital-3-0-Inch-18-135mm-Standard/dp/B0040JHVC2,100.00
http://www.newegg.com/Product/Product.aspx?Item=9SIA1JX0KC6715,http://www.amazon.com/Canon-Digital-18-55mm-3-5-5-6-Accessory/dp/B004VGDFD8,70.38
http://www.newegg.com/Product/Product.aspx?Item=9SIA0ZS18R4268,http://www.amazon.com/Canon-SL1-Telephoto-Autofocus-Accessory/dp/B00GJX4OB8,95.98
http://www.newegg.com/Product/Product.aspx?Item=9SIA0ZS1924439,http://www.amazon.com/Camera-STM-55-250mm-Telephoto-Accessory/dp/B00COSHR20,75.58
http://www.newegg.com/Product/Product.aspx?Item=9SIA29P17C9328,http://www.amazon.com/D5200-Camera-3-5-5-6G-Zoom-Nikkor-Accessory/dp/B00B5ISEUY,100.00
http://www.newegg.com/Product/Product.aspx?Item=9SIA0ZS0RN8113,http://www.amazon.com/CANON-Megapixel-Digital-Camera-8575B001/dp/B00CVASKI6,100.00
http://www.newegg.com/Product/Product.aspx?Item=9SIA1T511V6051,http://www.amazon.com/Lexar-Professional-Workflow-CompactFlash-LRWCFR1RBNA/dp/B00EJ8CKPC,62.88
http://www.newegg.com/Product/Product.aspx?Item=9SIA1K514J5666,http://www.amazon.com/Canon-Digital-18-55mm-55-250mm-Accessory/dp/B00DWHVMRS,100.00
http://www.newegg.com/Product/Product.aspx?Item=9SIA1K50R62828,http://www.amazon.com/Pentax-Weather-Sealed-Digital-18-55mm-55-300mm/dp/B0082OJ3AY,92.41
http://www.newegg.com/Product/Product.aspx?Item=9SIA1T50NV6824,http://www.amazon.com/Think-Tank-Artificial-Intelligence-Laptop/dp/B0085BKZU6,51.42
http://www.newegg.com/Product/Product.aspx?Item=9SIA1K50PS6060,http://www.amazon.com/75-300mm-Telephoto-55-250mm-External-Kit-DavisMAX/dp/B00CF1JR4C,88.66
http://www.newegg.com/Product/Product.aspx?Item=9SIA1K50SF7120,http://www.amazon.com/75-300mm-Telephoto-55-250mm-External-Kit-DavisMAX/dp/B00CF1JR4C,100.00
http://www.newegg.com/Product/Product.aspx?Item=9SIA13X0UM5859,http://www.amazon.com/Pentax-K-50-Digital-Camera-3-Inch/dp/B00DBPKBQO,100.00
http://www.newegg.com/Product/Product.aspx?Item=9SIA1T50NV5890,http://www.amazon.com/Hello-Kitty-USB-gooseneck-lamp/dp/B0049OJJFA,64.38
http://www.newegg.com/Product/Product.aspx?Item=9SIA0ZX0YT3869,http://www.amazon.com/PhoneSuit-LightPlay-Smart-Pico-Projector/dp/B00FCJOJG0,71.53
http://www.newegg.com/Product/Product.aspx?Item=9SIA1K51BY4725,http://www.amazon.com/Pentax-K-3-Digital-Camera-Body/dp/B00IA21NA6,82.78
http://www.newegg.com/Product/Product.aspx?Item=9SIA24G15U9111,,
http://www.newegg.com/Product/Product.aspx?Item=9SIA29P11F1938,http://www.amazon.com/18-135mm-Protector-Polarizing-Replacement-Accessory/dp/B00EP0541G,100.00
http://www.newegg.com/Product/Product.aspx?Item=9SIA1K514P0608,http://www.amazon.com/Canon-EOS-70D-Camera-Lenses/dp/B00GF52NZ4,87.58
http://www.newegg.com/Product/Product.aspx?Item=N82E16830120741,http://www.amazon.com/Canon-Rebel-EF-S-18-55mm-Digital/dp/B00IB1BTWI,100.00
http://www.newegg.com/Product/Product.aspx?Item=9SIA29P0XE1488,http://www.amazon.com/D5200-Camera-3-5-5-6G-Zoom-Nikkor-Accessory/dp/B00BBL20SC,100.00
http://www.newegg.com/Product/Product.aspx?Item=9SIA0ZS0YV4094,http://www.amazon.com/Rebel-T3-Digital-55-250mm-Telephoto/dp/B0085B66CC,100.00
http://www.newegg.com/Product/Product.aspx?Item=9SIA0ZS0FS7060,http://www.amazon.com/Canon-CMOS-Digital-Camera-3-Inch/dp/B002NEGTTW,100.00
http://www.newegg.com/Product/Product.aspx?Item=9SIA1K514J0722,http://www.amazon.com/Canon-Digital-18-55mm-55-250mm-Accessory/dp/B00DJX7TXG,100.00
http://www.newegg.com/Product/Product.aspx?Item=9SIA1K50ZK2576,http://www.amazon.com/Canon-1100D-Digital-18-55mm-75-300mm/dp/B00EQE7VFS,100.00
http://www.newegg.com/Product/Product.aspx?Item=9SIA0ZS1133218,http://www.amazon.com/Resolution-Fluorescent-Polarizer-Cleaning-55-250mm/dp/B00CLTV37M,57.61
http://www.newegg.com/Product/Product.aspx?Item=9SIA29P1003843,http://www.amazon.com/Camera-STM-75-300mm-Telephoto-Accessory/dp/B00COR4Q2K,100.00
http://www.newegg.com/Product/Product.aspx?Item=9SIA0ZS0FD9557,http://www.amazon.com/Canon-60D-3-0-Inch-18-200mm-Standard/dp/B0049WJWJ0,100.00
http://www.newegg.com/Product/Product.aspx?Item=9SIA29P12R3503,http://www.amazon.com/Canon-Digital-18-55mm-75-300mm-Telephoto/dp/B005Z3DWIY,100.00
http://www.newegg.com/Product/Product.aspx?Item=9SIA0ZS0RN9492,http://www.amazon.com/Canon-SL1-Telephoto-Autofocus-Accessory/dp/B00GJX4OB8,100.00
http://www.newegg.com/Product/Product.aspx?Item=9SIA0ZS0YV4095,http://www.amazon.com/Rebel-T3-Digital-Telephoto-Accessory/dp/B0062NNBIW,100.00
http://www.newegg.com/Product/Product.aspx?Item=9SIA04D0RC9919,http://www.amazon.com/18-135mm-F3-5-5-6-Replacement-Telephoto-DavisMAX/dp/B00EPOJ2Y2,100.00
http://www.newegg.com/Product/Product.aspx?Item=9SIA04D0NS8348,http://www.amazon.com/Canon-Digital-18-55mm-3-5-5-6-Accessory/dp/B004VGDFD8,99.58
http://www.newegg.com/Product/Product.aspx?Item=9SIA1J20RE7084,http://www.amazon.com/18-135mm-Protector-Polarizing-Replacement-Accessory/dp/B00EP00E52,100.00
http://www.newegg.com/Product/Product.aspx?Item=9SIA1K514P0614,http://www.amazon.com/EOS-Camera-18-135mm-3-5-5-6-Accesory/dp/B00EUJV4WU,100.00
http://www.newegg.com/Product/Product.aspx?Item=9SIA1K50S88179,http://www.amazon.com/USM-Telephoto-Lens-Focus-Accessory/dp/B000MQJ1DO,100.00
http://www.newegg.com/Product/Product.aspx?Item=9SIA0ZS1009912,http://www.amazon.com/Canon-EOS-70D-18-135mm-Telephoto/dp/B00ESN8EBW,82.48
http://www.newegg.com/Product/Product.aspx?Item=9SIA04D0RC9929,http://www.amazon.com/Canon-18-135mm-Advanced-Accessory-Microfiber/dp/B00CMR1GUC,100.00
http://www.newegg.com/Product/Product.aspx?Item=9SIA2GA1BF2178,http://www.amazon.com/Digital-NIKKOR-18-55mm-3-5-5-6G-Bundle/dp/B00IDFC6OM,100.00
http://www.newegg.com/Product/Product.aspx?Item=9SIA1J214X7439,http://www.amazon.com/Nikon-D610-FX-Format-Digital-Camera/dp/B00FOTF8M2,76.82
http://www.newegg.com/Product/Product.aspx?Item=9SIA1T50S44489,http://www.amazon.com/DLC-Line-DL-0902-iPhone-White/dp/B00825J9O8,52.81
http://www.newegg.com/Product/Product.aspx?Item=9SIA1JX1BU3052,http://www.amazon.com/PowerShot-SX50-Digital-Camera-Accessory/dp/B009OMI2DM,100.00
http://www.newegg.com/Product/Product.aspx?Item=9SIA1K514J5667,http://www.amazon.com/Canon-Digital-24-105mm-Battery-Accessory/dp/B00BD2MFGQ,100.00
http://www.newegg.com/Product/Product.aspx?Item=9SIA1K50F09675,http://www.amazon.com/PowerShot-Includes-Replacement-Batteries-Protectors/dp/B0065MMKTG,51.81
http://www.newegg.com/Product/Product.aspx?Item=9SIA0ZS0FU7919,http://www.amazon.com/Canon-Digital-Camera-3-inch-Touchscreen/dp/B00894YYP6,100.00
http://www.newegg.com/Product/Product.aspx?Item=9SIA3JZ17C6412,,
http://www.newegg.com/Product/Product.aspx?Item=9SIA13X0NA5155,http://www.amazon.com/Pentax-K-5-IIs-50-200mm-Includes/dp/B00CMH2V8I,71.44
http://www.newegg.com/Product/Product.aspx?Item=9SIA1K51BE9645,http://www.amazon.com/Canon-Digital-75-300mm-Telephoto-Accessory/dp/B004Q79BIA,98.46
http://www.newegg.com/Product/Product.aspx?Item=9SIA1K50S35905,http://www.amazon.com/D3200-Camera-Automatic-Telephoto-Accessory/dp/B0089FYYHI,100.00
http://www.newegg.com/Product/Product.aspx?Item=9SIA0ZS0R91991,http://www.amazon.com/Digital-18-55mm-75-300mm-Telephoto-DavisMAX/dp/B0061SD9T4,95.08
http://www.newegg.com/Product/Product.aspx?Item=9SIA0ZS0R92504,http://www.amazon.com/Canon-CMOS-Digital-Camera-3-0-Inch/dp/B0040JHVCC,70.78
http://www.newegg.com/Product/Product.aspx?Item=9SIA22A18A4504,http://www.amazon.com/Canon-Processor-Digital-75-300mm-Telephoto/dp/B005Z3DWMK,100.00
http://www.newegg.com/Product/Product.aspx?Item=9SIA1K514J5668,http://www.amazon.com/Canon-18-135mm-Standard-Ultimate-Accessory/dp/B003WY7UV8,97.57
http://www.newegg.com/Product/Product.aspx?Item=9SIA1K50PS6027,http://www.amazon.com/75-300mm-Telephoto-55-250mm-External-Kit-DavisMAX/dp/B00CF1JR4C,68.49
http://www.newegg.com/Product/Product.aspx?Item=9SIA29P0XM5040,http://www.amazon.com/Nikon-D3100-Digital-18-55mm-Accessory/dp/B00420LJMC,81.76
http://www.newegg.com/Product/Product.aspx?Item=9SIA1K50SZ7711,http://www.amazon.com/Canon-Rebel-Digital-Camera-Imaging/dp/B005LW580O,57.51
http://www.newegg.com/Product/Product.aspx?Item=9SIA29P0X71887,http://www.amazon.com/Canon-55-250mm-4-0-5-6-Telephoto-Accessory/dp/B00DS6YXGK,73.78
http://www.newegg.com/Product/Product.aspx?Item=9SIA1K51BG4370,http://www.amazon.com/Nikon-D5100-Digital-18-55mm-55-200mm/dp/B00FA6956E,100.00
http://www.newegg.com/Product/Product.aspx?Item=9SIA1K50SF7183,http://www.amazon.com/75-300mm-Telephoto-55-250mm-External-Kit-DavisMAX/dp/B00CF1JR4C,97.45
http://www.newegg.com/Product/Product.aspx?Item=9SIA0ZX1AU6121,http://www.amazon.com/Samsung-Compact-System-18-55mm-REFURBISHHED/dp/B007I5XCG4,86.94
http://www.newegg.com/Product/Product.aspx?Item=9SIA2GA15F6667,http://www.amazon.com/Nikon-1528-FX-Format-Digital-3-2-Inch/dp/B00GD1KCAI,82.11
http://www.newegg.com/Product/Product.aspx?Item=9SIA0ZS17N3989,http://www.amazon.com/Canon-Processor-Digital-75-300mm-Telephoto/dp/B005Z3DWMK,89.42
http://www.newegg.com/Product/Product.aspx?Item=9SIA29P1156201,http://www.amazon.com/Canon-6D-Digital-24-105mm-Accessory/dp/B00AJ32JVQ,100.00
http://www.newegg.com/Product/Product.aspx?Item=9SIA13X0UN1794,http://www.amazon.com/Pentax-Digital-Camera-18-135mm-f3-5-5-6/dp/B00DBPK8ZI,100.00
http://www.newegg.com/Product/Product.aspx?Item=9SIA0ZS0NY5419,http://www.amazon.com/Canon-T2i-Processor-18-135mm-IS/dp/B003MAKXMA,100.00
http://www.newegg.com/Product/Product.aspx?Item=9SIA0ZS0R93015,http://www.amazon.com/Canon-5169B001-Megapixel-Digital-Camera/dp/B00H52D1CK,100.00
http://www.newegg.com/Product/Product.aspx?Item=9SIA1Y31958521,http://www.amazon.com/Sony-SLT-A37K-Translucent-Technology-18-55mm/dp/B00836H2CC,100.00
http://www.newegg.com/Product/Product.aspx?Item=9SIA0ZS18R4620,http://www.amazon.com/Camera-STM-55-250mm-Telephoto-Accessory/dp/B00COSHR20,88.87
http://www.newegg.com/Product/Product.aspx?Item=9SIA1K514P0611,http://www.amazon.com/75-300mm-55-250mm-Telephoto-Replacement-DavisMAX/dp/B00ESF6QPG,81.19
http://www.newegg.com/Product/Product.aspx?Item=9SIA1K50PS6058,http://www.amazon.com/Camera-STM-75-300mm-Telephoto-Accessory/dp/B00COR4Q2K,96.23
http://www.newegg.com/Product/Product.aspx?Item=9SIA1Y30NJ5877,http://www.amazon.com/14-2MP-Digital-Camera-18-55mm-3-5-5-6/dp/B00I4BGQRI,100.00
http://www.newegg.com/Product/Product.aspx?Item=9SIA04D0RC9925,http://www.amazon.com/Canon-Digital-Accessory-Including-Telephoto/dp/B00CMCC7GY,100.00
http://www.newegg.com/Product/Product.aspx?Item=9SIA0ZS1924438,http://www.amazon.com/Canon-Digital-75-300mm-Telephoto-Accessory/dp/B004Q79BIA,85.05
http://www.newegg.com/Product/Product.aspx?Item=9SIA29P17C9324,http://www.amazon.com/D5200-Digital-Camera-18-55mm-Accessory/dp/B00BBKX2CQ,100.00
http://www.newegg.com/Product/Product.aspx?Item=9SIA1K514J5665,http://www.amazon.com/Canon-Digital-24-105mm-Backpack-Accessory/dp/B00GIYEF12,100.00
http://www.newegg.com/Product/Product.aspx?Item=9SIA0ZS18R3878,http://www.amazon.com/Canon-Digital-18-55mm-3-5-5-6-Accessory/dp/B004Q6LMSI,100.00
http://www.newegg.com/Product/Product.aspx?Item=9SIA1T50R71022,,
http://www.newegg.com/Product/Product.aspx?Item=9SIA13X0UJ0991,http://www.amazon.com/Pentax-K-50-Digital-Camera-3-Inch/dp/B00DBPKBK0,100.00
http://www.newegg.com/Product/Product.aspx?Item=9SIA1K514P0351,http://www.amazon.com/Canon-EOS-Rebel-SL1-Ultimate/dp/B00GNOTFI0,100.00
http://www.newegg.com/Product/Product.aspx?Item=9SIA0ZS0HW3437,http://www.amazon.com/Canon-75-300mm-Telephoto-Accessory-Camera/dp/B0057PTLIU,100.00
http://www.newegg.com/Product/Product.aspx?Item=9SIA1JX1BU4325,http://www.amazon.com/Canon-Digital-75-300mm-Telephoto-Accessory/dp/B004VN920G,100.00
http://www.newegg.com/Product/Product.aspx?Item=9SIA1K514P0354,http://www.amazon.com/Canon-SL1-Telephoto-Autofocus-Accessory/dp/B00GJX4OB8,100.00
http://www.newegg.com/Product/Product.aspx?Item=9SIA1K50SF7117,http://www.amazon.com/Replacement-International-Lightweight-Professional-Multi-Power/dp/B00IA4E0LI,100.00
http://www.newegg.com/Product/Product.aspx?Item=9SIA1JX0KC7074,http://www.amazon.com/Canon-Processor-Digital-55-250mm-Telephoto/dp/B005Z3DWOI,100.00
http://www.newegg.com/Product/Product.aspx?Item=9SIA29P0XE1480,http://www.amazon.com/D3200-Camera-3-5-5-6G-70-300mm-Accessory/dp/B0085YS9CE,100.00
http://www.newegg.com/Product/Product.aspx?Item=9SIA1K514P0613,http://www.amazon.com/75-300mm-55-250mm-Telephoto-Replacement-DavisMAX/dp/B00ESF6QPG,84.09
http://www.newegg.com/Product/Product.aspx?Item=9SIA0ZS0RN8656,http://www.amazon.com/Canon-SL1-Telephoto-Autofocus-Accessory/dp/B00GJX4OB8,100.00
http://www.newegg.com/Product/Product.aspx?Item=9SIA0ZS0FT6020,http://www.amazon.com/Canon-Digital-18-55mm-3-5-5-6-Accessory/dp/B004Q6LMSI,100.00
http://www.newegg.com/Product/Product.aspx?Item=9SIA0ZS1133217,http://www.amazon.com/Canon-Digital-75-300mm-Speedlite-Cleaning/dp/B00FPW8ZK0,95.60
http://www.newegg.com/Product/Product.aspx?Item=9SIA0ZS1413884,http://www.amazon.com/Canon-Digital-55-250mm-Backpack-Accessory/dp/B00DWHVKQG,100.00
http://www.newegg.com/Product/Product.aspx?Item=9SIA1K514J0721,http://www.amazon.com/Canon-18-135mm-Standard-Ultimate-Accessory/dp/B003WY7UV8,89.39
http://www.newegg.com/Product/Product.aspx?Item=9SIA29P0ZM8244,http://www.amazon.com/D5200-Camera-Automatic-Telephoto-Accessory/dp/B00BBLJU6M,100.00
http://www.newegg.com/Product/Product.aspx?Item=9SIA0ZS0R92778,http://www.amazon.com/Canon-Digital-75-300mm-Telephoto-Accessory/dp/B004VN920G,100.00
http://www.newegg.com/Product/Product.aspx?Item=9SIA29P0X71813,http://www.amazon.com/Camera-Ultrasonic-Motorized-Lens-Accessory/dp/B004QD8V0S,77.21
http://www.newegg.com/Product/Product.aspx?Item=9SIA1K50S88161,http://www.amazon.com/USM-Telephoto-Lens-Focus-Accessory/dp/B000MQJ1DO,100.00
http://www.newegg.com/Product/Product.aspx?Item=9SIA1K50PS6026,http://www.amazon.com/Camera-STM-75-300mm-Telephoto-Accessory/dp/B00COR4Q2K,68.04
http://www.newegg.com/Product/Product.aspx?Item=9SIA0ZS1053913,,
http://www.newegg.com/Product/Product.aspx?Item=9SIA0ZS0ZY1707,http://www.amazon.com/Canon-Digital-Camera-18-55mm-Bundle/dp/B00ESN95EC,87.83
http://www.newegg.com/Product/Product.aspx?Item=9SIA2GA1BF1952,http://www.amazon.com/Nikon-Digital-NIKKOR-18-55mm-3-5-5-6G/dp/B00HQ4W2RW,100.00
http://www.newegg.com/Product/Product.aspx?Item=9SIA0ZS0R91954,http://www.amazon.com/Canon-T3i-Digital-Imaging-18-55mm/dp/B004J3V90Y,100.00
http://www.newegg.com/Product/Product.aspx?Item=9SIA1T50NZ6497,http://www.amazon.com/Shure-SRH240A-Professional-Quality-Headphones/dp/B002DP594W,100.00
http://www.newegg.com/Product/Product.aspx?Item=9SIA1K50S58997,http://www.amazon.com/Digital-Camera-18-135mm-3-5-5-6-Accessory/dp/B00A3H15RM,100.00
http://www.newegg.com/Product/Product.aspx?Item=9SIA29P1156177,http://www.amazon.com/Canon-Digital-18-200mm-Standard-Accessory/dp/B004GIS7HK,100.00
http://www.newegg.com/Product/Product.aspx?Item=9SIA1K50SF7181,http://www.amazon.com/75-300mm-Telephoto-55-250mm-External-Kit-DavisMAX/dp/B00CF1JR4C,100.00
http://www.newegg.com/Product/Product.aspx?Item=9SIA0ZS0Y48246,http://www.amazon.com/Canon-Digital-75-300mm-Telephoto-Accessory/dp/B005E0P7MM,100.00
http://www.newegg.com/Product/Product.aspx?Item=9SIA13X0UN1786,http://www.amazon.com/Pentax-Digital-Camera-18-135mm-f3-5-5-6/dp/B00DBPK984,100.00
http://www.newegg.com/Product/Product.aspx?Item=9SIA13X0UJ0846,http://www.amazon.com/Pentax-K-50-Digital-Camera-3-Inch/dp/B00DBPKAB0,100.00
http://www.newegg.com/Product/Product.aspx?Item=9SIA31U1194283,http://www.amazon.com/75-300mm-55-250mm-Telephoto-Replacement-DavisMAX/dp/B00ESF6PDY,100.00
http://www.newegg.com/Product/Product.aspx?Item=9SIA0ZS0R93011,http://www.amazon.com/Canon-Digital-18-55mm-3-5-5-6-Accessory/dp/B004Q6LMSI,100.00
http://www.newegg.com/Product/Product.aspx?Item=9SIA29P10G4159,http://www.amazon.com/Digital-Camera-4-0-5-6-Stabilized-Autofocus/dp/B008X8YGF6,100.00
http://www.newegg.com/Product/Product.aspx?Item=9SIA1K50SF3031,http://www.amazon.com/75-300mm-Telephoto-Replacement-Battery-Kit-DavisMAX/dp/B00CLE34WY,91.73
http://www.newegg.com/Product/Product.aspx?Item=9SIA1K514J5663,http://www.amazon.com/Canon-Digital-75-300mm-Telephoto-Accessory/dp/B004VN920G,100.00
http://www.newegg.com/Product/Product.aspx?Item=9SIA1K50SF7107,http://www.amazon.com/Canon-Camera-18-55mm-3-5-5-6-Includes/dp/B00G3LS372,100.00
http://www.newegg.com/Product/Product.aspx?Item=9SIA1K50SF1945,http://www.amazon.com/Canon-Camera-18-55mm-3-5-5-6-Includes/dp/B00G3M8Y84,100.00
http://www.newegg.com/Product/Product.aspx?Item=9SIA29P0X96793,http://www.amazon.com/T5i-Camera-75-300mm-Telephoto-Accessory/dp/B00COTIKU2,100.00
http://www.newegg.com/Product/Product.aspx?Item=9SIA1K50FJ7287,http://www.amazon.com/18-200mm-3-5-5-6G-Replacement-Battery-Telephoto/dp/B00H6MCIDM,83.05
http://www.newegg.com/Product/Product.aspx?Item=9SIA1JX0KC7073,http://www.amazon.com/Canon-Digital-75-300mm-Telephoto-Accessory/dp/B004VN920G,61.58
http://www.newegg.com/Product/Product.aspx?Item=9SIA1K50R05919,http://www.amazon.com/Pentax-K-30-lens-black-18-55WR/dp/B009W7WW26,65.02
http://www.newegg.com/Product/Product.aspx?Item=9SIA1K514P0610,http://www.amazon.com/EOS-Camera-18-135mm-3-5-5-6-Accesory/dp/B00EUJV4WU,100.00
http://www.newegg.com/Product/Product.aspx?Item=9SIA0ZS0FT6012,http://www.amazon.com/Canon-5169B001-Megapixel-Digital-Camera/dp/B00H52D1CK,100.00
http://www.newegg.com/Product/Product.aspx?Item=9SIA1JX1BU1904,http://www.amazon.com/Camera-Ultrasonic-Motorized-Lens-Accessory/dp/B004QD8V0S,76.52
http://www.newegg.com/Product/Product.aspx?Item=9SIA0ZS1924437,http://www.amazon.com/Canon-Digital-18-55mm-3-5-5-6-Accessory/dp/B004Q6LMSI,87.63
http://www.newegg.com/Product/Product.aspx?Item=9SIA0ZS0FT5907,http://www.amazon.com/Canon-Digital-18-135mm-3-5-5-6-Standard/dp/B003BM7X6I,100.00
http://www.newegg.com/Product/Product.aspx?Item=9SIA2GA0V86670,http://www.amazon.com/Nikon-D5200-Digital-Camera-Black/dp/B00AXTQQDS,52.40
http://www.newegg.com/Product/Product.aspx?Item=9SIA29P1044763,http://www.amazon.com/Sony-SLT-A58K-SAL-552002-Telephoto-Accessory/dp/B00CO8336O,100.00
http://www.newegg.com/Product/Product.aspx?Item=9SIA29P0XE1524,http://www.amazon.com/D5200-Camera-3-5-5-6G-70-300mm-Accessory/dp/B00B5K5C66,100.00
http://www.newegg.com/Product/Product.aspx?Item=9SIA0ZS19W2817,http://www.amazon.com/Canon-Digital-18-55mm-Ultimate-Exerience/dp/B00C0X824G,93.29
http://www.newegg.com/Product/Product.aspx?Item=9SIA1T50ZD6774,http://www.amazon.com/Delkin-32GB-UHS-I-Memory-DDSD400-32GB/dp/B00B01SX4I,68.12
http://www.newegg.com/Product/Product.aspx?Item=9SIA24G15X7195,http://www.amazon.com/Lexar-Professional-CompactFlash-2-Pack-LCF32GCTBNA10002/dp/B007DBJ2YE,61.37
http://www.newegg.com/Product/Product.aspx?Item=9SIA2GA12C4530,http://www.amazon.com/Nikon-DX-Format-Digital-Camera-18-140mm/dp/B00FFH4F3G,100.00
http://www.newegg.com/Product/Product.aspx?Item=N82E16830120438,http://www.amazon.com/Canon-Digital-18-135mm-3-5-5-6-Standard/dp/B003BM7X6I,100.00
http://www.newegg.com/Product/Product.aspx?Item=9SIA0ZS0FT0174,http://www.amazon.com/Canon-T3i-Digital-Imaging-18-55mm/dp/B004J3V90Y,100.00
http://www.newegg.com/Product/Product.aspx?Item=N82E16830113552,http://www.amazon.com/Nikon-Digital-Camera-18-140mm-3-5-5-6G/dp/B00FY3T3TM,100.00
http://www.newegg.com/Product/Product.aspx?Item=N82E16830120384,http://www.amazon.com/Canon-Digital-28-135mm-3-5-5-6-Standard/dp/B002NEGTU6,100.00
http://www.newegg.com/Product/Product.aspx?Item=9SIA1Y31958663,http://www.amazon.com/Pentax-K-5-II-16-3-Black/dp/B0099J8A2S,85.00
http://www.newegg.com/Product/Product.aspx?Item=N82E16830120508,http://www.amazon.com/Canon-T3i-Processor-Vari-Angle-Body/dp/B004M170YC,68.07
http://www.newegg.com/Product/Product.aspx?Item=9SIA1K50HH1643,http://www.amazon.com/Pentax-K-5-II-lens-kit/dp/B0099J8AT6,100.00
http://www.newegg.com/Product/Product.aspx?Item=N82E16830179686,http://www.amazon.com/Sony-SLT-A65VL-24-3MP-Camera-18-55mm/dp/B00DS46BVW,100.00
http://www.newegg.com/Product/Product.aspx?Item=9SIA2GA0ZM8804,http://www.amazon.com/Sony-SLT-A77-Translucent-Mirror-Digital/dp/B005IHAICK,88.13
http://www.newegg.com/Product/Product.aspx?Item=9SIA1K51BG0856,http://www.amazon.com/Sony-SLT-A77VM-SLTA77VM-Translucent-18-135mm/dp/B0085VSUC6,95.47
http://www.newegg.com/Product/Product.aspx?Item=9SIA1K50HH1677,http://www.amazon.com/Pentax-K-5-II-lens-kit/dp/B0099J8BZE,100.00
http://www.newegg.com/Product/Product.aspx?Item=N82E16830120506,http://www.amazon.com/Rebel-T3-55-250mm-Telephoto-Accessory/dp/B0085BALAU,100.00
http://www.newegg.com/Product/Product.aspx?Item=N82E16830120616,http://www.amazon.com/Canon-Digital-24-105mm-Essentials-Featuring/dp/B007NZ7RTM,100.00
http://www.newegg.com/Product/Product.aspx?Item=9SIA29P0ZM8242,http://www.amazon.com/Nikon-Digital-18-105mm-3-5-5-6-NIKKOR/dp/B00AXTQRSC,100.00
http://www.newegg.com/Product/Product.aspx?Item=N82E16830179687,http://www.amazon.com/Sony-SLT-A65VM-Translucent-18-135mm-Protectors/dp/B0085VSB70,85.84
http://www.newegg.com/Product/Product.aspx?Item=N82E16830120677,http://www.amazon.com/Digital-Camera-18-250mm-f3-5-6-3-Accessory/dp/B00GO3VY3E,100.00
http://www.newegg.com/Product/Product.aspx?Item=N82E16830120473,http://www.amazon.com/Canon-60D-3-0-Inch-18-200mm-Standard/dp/B0049WJWJ0,100.00
http://www.newegg.com/Product/Product.aspx?Item=N82E16830120615,http://www.amazon.com/Canon-Frame-Full-HD-Digital-Camera/dp/B007FGYZFI,93.84
http://www.newegg.com/Product/Product.aspx?Item=N82E16830120657,http://www.amazon.com/Canon-Digital-Camera-3-0-Inch-EF24-105mm/dp/B009B0MZG2,100.00
http://www.newegg.com/Product/Product.aspx?Item=N82E16830113549,http://www.amazon.com/Nikon-D5300-24-1MP-DX-Format-Camera/dp/B00GOKXPZC,67.21
http://www.newegg.com/Product/Product.aspx?Item=N82E16830120459,http://www.amazon.com/18-135mm-Standard-Telephoto-Accessory-HeroFiber%C2%AE/dp/B00HMCR0M0,100.00
http://www.newegg.com/Product/Product.aspx?Item=N82E16830120676,http://www.amazon.com/Canon-Rebel-Digital-Camera-18-55mm/dp/B00BW6LWO4,100.00
http://www.newegg.com/Product/Product.aspx?Item=9SIA29P0YU7074,http://www.amazon.com/D5200-Camera-3-5-5-6G-70-300mm-Accessory/dp/B00B5K5C66,100.00
http://www.newegg.com/Product/Product.aspx?Item=N82E16830120680,http://www.amazon.com/Canon-EOS-Rebel-Digital-Camera/dp/B00BW6LXHA,100.00
http://www.newegg.com/Product/Product.aspx?Item=N82E16830120678,http://www.amazon.com/Digital-18-135mm-Bundle-Protector-Accessory/dp/B00EOZVDY4,100.00
http://www.newegg.com/Product/Product.aspx?Item=N82E16830120697,http://www.amazon.com/Canon-Digital-Camera-18-135mm-F3-5-5-6/dp/B00DMS0LCO,100.00
http://www.newegg.com/Product/Product.aspx?Item=N82E16830179651,http://www.amazon.com/Sony-SLT-A99V-Full-Frame-Digital-Camera/dp/B0096W1P6G,100.00
http://www.newegg.com/Product/Product.aspx?Item=9SIA1K51053445,http://www.amazon.com/Sony-SLT-A58K-Digital-18-55mm-20-1MP/dp/B00BF9MVMK,100.00
http://www.newegg.com/Product/Product.aspx?Item=N82E16830120658,http://www.amazon.com/Canon-20-2-Digital-Camera-3-0-Inch/dp/B009B0MZ8U,100.00
http://www.newegg.com/Product/Product.aspx?Item=N82E16830179463,http://www.amazon.com/Sony-SLT-A65V-Digital-Translucent-Technology/dp/B005IHAIAW,96.03
http://www.newegg.com/Product/Product.aspx?Item=N82E16830120383,http://www.amazon.com/Canon-CMOS-Digital-Camera-3-Inch/dp/B002NEGTTW,75.42
http://www.newegg.com/Product/Product.aspx?Item=N82E16830120458,http://www.amazon.com/Canon-60D-Digital-Camera-Cleaning/dp/B004MNLG0Y,100.00
http://www.newegg.com/Product/Product.aspx?Item=N82E16830113547,http://www.amazon.com/Nikon-FX-Format-Digital-24-85mm-70-300mm/dp/B00FOTFBS8,100.00
http://www.newegg.com/Product/Product.aspx?Item=9SIA1J20MZ1278,http://www.amazon.com/Nikon-D5200-Digital-Camera-Black/dp/B00AXTQQDS,56.25
http://www.newegg.com/Product/Product.aspx?Item=N82E16830120695,http://www.amazon.com/Canon-20-2-Digital-Camera-Pixel/dp/B00DMS0GTC,100.00
http://www.newegg.com/Product/Product.aspx?Item=N82E16830113551,http://www.amazon.com/D5300-Camera-Focus-Universal-Accessory/dp/B00HDL3TPC,86.94
http://www.newegg.com/Product/Product.aspx?Item=N82E16830179466,http://www.amazon.com/Sony-SLT-A77VQ-16-50mm-55-200mm-Battery/dp/B007YQV23W,86.11
http://www.newegg.com/Product/Product.aspx?Item=9SIA1J20PE4647,http://www.amazon.com/Nikon-D7100-DX-format-Digital-Camera/dp/B00FIWC9RW,86.11
http://www.newegg.com/Product/Product.aspx?Item=N82E16830113545,http://www.amazon.com/Nikon-FX-Format-Digital-28-300mm-3-5-5-6G/dp/B00FOTFB56,100.00
http://www.newegg.com/Product/Product.aspx?Item=9SIA1CZ0SG9155,http://www.amazon.com/Nikon-DX-Format-Digital-18-105mm-3-5-5-6/dp/B00BI9X97I,100.00
http://www.newegg.com/Product/Product.aspx?Item=N82E16830120710,http://www.amazon.com/Canon-Frame-Digital-Camera-24-70mm/dp/B00FY3U206,100.00
http://www.newegg.com/Product/Product.aspx?Item=N82E16830120696,http://www.amazon.com/CANON-8469B009-Megapixel-Digital-Camera/dp/B00GZHYMUG,100.00
http://www.newegg.com/Product/Product.aspx?Item=N82E16830113449,http://www.amazon.com/D5200-Camera-3-5-5-6G-70-300mm-Accessory/dp/B00B5K5C66,100.00
http://www.newegg.com/Product/Product.aspx?Item=N82E16830113550,http://www.amazon.com/Nikon-D5300-Digital-Camera-Built-/dp/B00FXYT12G,77.49
http://www.newegg.com/Product/Product.aspx?Item=N82E16830120507,http://www.amazon.com/Camera-18-55mm-3-5-5-6-55-250mm-Accessory/dp/B00HHDUE6I,85.67
http://www.newegg.com/Product/Product.aspx?Item=N82E16830120679,http://www.amazon.com/Canon-Rebel-18-0-Digital-18-55mm/dp/B00BW6LY2Y,100.00
