<?xml version="1.0" encoding="UTF-8"?>
<p:DCTRequest xmlns:p="http://www.dhl.com" xmlns:p1="http://www.dhl.com/datatypes" xmlns:p2="http://www.dhl.com/DCTRequestdatatypes" xmlns:xsi="http://www.w3.org/2001/XMLSchema-instance" xsi:schemaLocation="http://www.dhl.com DCT-req.xsd ">
  <GetQuote>
    <Request>
      <ServiceHeader>
        <MessageTime>2002-08-20T11:28:56.000-08:00</MessageTime>
        <MessageReference>1234567890123456789012345678901</MessageReference>
        <SiteID>SiteIDPwd</SiteID>
        <Password>SiteIDPwd</Password>
      </ServiceHeader>
    </Request>
    <From>
      <CountryCode>ID</CountryCode>
      <Postalcode>31251</Postalcode>
    </From>
    <BkgDetails>
      <PaymentCountryCode>ID</PaymentCountryCode>
      <Date>2011-08-24</Date>
      <ReadyTime>PT10H21M</ReadyTime>
      <DimensionUnit>IN</DimensionUnit>
      <WeightUnit>LB</WeightUnit>
      <Pieces>
        <Piece>
          <PieceID>1</PieceID>
          <Weight>1.0</Weight>
        </Piece>
      </Pieces> 
      <IsDutiable>N</IsDutiable>
      <NetworkTypeCode>AL</NetworkTypeCode>	
    </BkgDetails>
    <To>
      <CountryCode>JP</CountryCode>
      <Postalcode>9811513</Postalcode>
    </To>
   <Dutiable>
      <DeclaredCurrency>USD</DeclaredCurrency>
      <DeclaredValue>0.00</DeclaredValue>
    </Dutiable>
  </GetQuote>
</p:DCTRequest>
