[{"pk": 8, "model": "contenttypes.contenttype", "fields": {"model": "actionlink", "name": "action link", "app_label": "component"}}, {"pk": 21, "model": "contenttypes.contenttype", "fields": {"model": "captchastore", "name": "captcha store", "app_label": "captcha"}}, {"pk": 13, "model": "contenttypes.contenttype", "fields": {"model": "comment", "name": "comment", "app_label": "mediacenter"}}, {"pk": 5, "model": "contenttypes.contenttype", "fields": {"model": "contenttype", "name": "content type", "app_label": "contenttypes"}}, {"pk": 27, "model": "contenttypes.contenttype", "fields": {"model": "email", "name": "email", "app_label": "emails"}}, {"pk": 20, "model": "contenttypes.contenttype", "fields": {"model": "emailreceiver", "name": "email receiver", "app_label": "website"}}, {"pk": 28, "model": "contenttypes.contenttype", "fields": {"model": "emailstatus", "name": "email status", "app_label": "emails"}}, {"pk": 19, "model": "contenttypes.contenttype", "fields": {"model": "enquiry", "name": "enquiry", "app_label": "website"}}, {"pk": 2, "model": "contenttypes.contenttype", "fields": {"model": "group", "name": "group", "app_label": "auth"}}, {"pk": 16, "model": "contenttypes.contenttype", "fields": {"model": "imageplayer", "name": "image player", "app_label": "website"}}, {"pk": 18, "model": "contenttypes.contenttype", "fields": {"model": "interest", "name": "interest", "app_label": "website"}}, {"pk": 24, "model": "contenttypes.contenttype", "fields": {"model": "logentry", "name": "log entry", "app_label": "admin"}}, {"pk": 10, "model": "contenttypes.contenttype", "fields": {"model": "newspage", "name": "Media center pages", "app_label": "mediacenter"}}, {"pk": 4, "model": "contenttypes.contenttype", "fields": {"model": "message", "name": "message", "app_label": "auth"}}, {"pk": 17, "model": "contenttypes.contenttype", "fields": {"model": "miscpage", "name": "misc page", "app_label": "website"}}, {"pk": 11, "model": "contenttypes.contenttype", "fields": {"model": "blogcategory", "name": "News category", "app_label": "mediacenter"}}, {"pk": 12, "model": "contenttypes.contenttype", "fields": {"model": "blogpost", "name": "News Post", "app_label": "mediacenter"}}, {"pk": 1, "model": "contenttypes.contenttype", "fields": {"model": "permission", "name": "permission", "app_label": "auth"}}, {"pk": 9, "model": "contenttypes.contenttype", "fields": {"model": "servicepage", "name": "service page", "app_label": "service"}}, {"pk": 6, "model": "contenttypes.contenttype", "fields": {"model": "session", "name": "session", "app_label": "sessions"}}, {"pk": 7, "model": "contenttypes.contenttype", "fields": {"model": "site", "name": "site", "app_label": "sites"}}, {"pk": 26, "model": "contenttypes.contenttype", "fields": {"model": "subscription", "name": "subscription", "app_label": "emails"}}, {"pk": 25, "model": "contenttypes.contenttype", "fields": {"model": "subscriptiongroup", "name": "subscription group", "app_label": "emails"}}, {"pk": 22, "model": "contenttypes.contenttype", "fields": {"model": "tag", "name": "tag", "app_label": "tagging"}}, {"pk": 23, "model": "contenttypes.contenttype", "fields": {"model": "taggeditem", "name": "tagged item", "app_label": "tagging"}}, {"pk": 15, "model": "contenttypes.contenttype", "fields": {"model": "teammember", "name": "team member", "app_label": "team"}}, {"pk": 14, "model": "contenttypes.contenttype", "fields": {"model": "teampage", "name": "team page", "app_label": "team"}}, {"pk": 3, "model": "contenttypes.contenttype", "fields": {"model": "user", "name": "user", "app_label": "auth"}}, {"pk": "ed38cb75133dde8804d3201da148c9ff", "model": "sessions.session", "fields": {"expire_date": "2012-05-16 10:44:42", "session_data": "ZGYxMjk3YWMzZDQ5MzFhMmQzZDA0YjM3NzRkYzI2MDZlZTNhYzczMDqAAn1xAShVEl9hdXRoX3Vz\nZXJfYmFja2VuZHECVSlkamFuZ28uY29udHJpYi5hdXRoLmJhY2tlbmRzLk1vZGVsQmFja2VuZHED\nVQ1fYXV0aF91c2VyX2lkcQSKAQF1Lg==\n"}}, {"pk": 1, "model": "sites.site", "fields": {"domain": "example.com", "name": "example.com"}}, {"pk": 1, "model": "component.actionlink", "fields": {"link": "http://arktotalwealth.local/", "title": "<p>Our mortgage brokers make it easy for you. <strong>Contact us now</strong></p>"}}, {"pk": 1, "model": "service.servicepage", "fields": {"meta_description": "", "priority": 0, "meta_keywords": "", "parent": null, "title": "Our Services", "action_links": [], "image": "", "tooltip": null, "content": "<p>Your financial life can be broken up into many areas that all fall broadly under three categories. Your cashflow, your assets, and your risk mitigation plans. Making sure that you have adequately addressed all three areas will mean that you have a comprehensive and holistic financial plan in place. Highlight the sections below for more detail on how we can help you in those specific areas.</p>", "active": true, "short_description": "", "landingpage": false, "tooltip_class_name": null, "slug": "our-services", "tooltip_image": ""}}, {"pk": 2, "model": "service.servicepage", "fields": {"meta_description": "", "priority": 0, "meta_keywords": "", "parent": 1, "title": "Risk", "action_links": [], "image": "", "tooltip": "", "content": "<p>This is Risk Landing Page</p>", "active": true, "short_description": "", "landingpage": true, "tooltip_class_name": "risk", "slug": "risk", "tooltip_image": "images/risk.jpg"}}, {"pk": 3, "model": "service.servicepage", "fields": {"meta_description": "", "priority": 0, "meta_keywords": "", "parent": 1, "title": "Assets", "action_links": [], "image": "", "tooltip": "", "content": "", "active": true, "short_description": "", "landingpage": true, "tooltip_class_name": "assets", "slug": "assets", "tooltip_image": "images/assets.jpg"}}, {"pk": 4, "model": "service.servicepage", "fields": {"meta_description": "", "priority": 0, "meta_keywords": "", "parent": 1, "title": "Cashflow", "action_links": [], "image": "", "tooltip": "", "content": "", "active": true, "short_description": "", "landingpage": true, "tooltip_class_name": "cashflow", "slug": "cashflow", "tooltip_image": "images/cashflow.png"}}, {"pk": 5, "model": "service.servicepage", "fields": {"meta_description": "", "priority": 0, "meta_keywords": "", "parent": 2, "title": "Personal Risk Insurances", "action_links": [], "image": "", "tooltip": "<p>Wealth protection is one of the cornerstones of financial security. Without adequate risk protection the realisation of financial goals may never be reached in the event of death, injury or illness.</p>", "content": "", "active": true, "short_description": "<p>this is page short description</p>", "landingpage": false, "tooltip_class_name": "personal-risk-ins", "slug": "personal-risk-insurances", "tooltip_image": "images/personal-risk-insurance.png"}}, {"pk": 6, "model": "service.servicepage", "fields": {"meta_description": "", "priority": 0, "meta_keywords": "", "parent": 2, "title": "Asset Protection", "action_links": [], "image": "", "tooltip": "<p>Buy correctly structuring the way you hold your various assets, you can provide a strong measure of protection against potential creditors and litigation.</p>", "content": "<p>this is page description</p>", "active": true, "short_description": "", "landingpage": false, "tooltip_class_name": "asset-protection", "slug": "asset-protection", "tooltip_image": "images/asset-protection.png"}}, {"pk": 7, "model": "service.servicepage", "fields": {"meta_description": "", "priority": 0, "meta_keywords": "", "parent": 2, "title": "Estate Planning", "action_links": [], "image": "", "tooltip": "<p>Estate planning is about structuring your investments and personal assets to provide for your family upon your death.</p>", "content": "", "active": true, "short_description": "", "landingpage": false, "tooltip_class_name": "estate-planning", "slug": "estate-planning", "tooltip_image": "images/estate-panning.png"}}, {"pk": 8, "model": "service.servicepage", "fields": {"meta_description": "", "priority": 0, "meta_keywords": "", "parent": 2, "title": "Education", "action_links": [], "image": "", "tooltip": "<p>Being empowered in the understanding and knowledge of how your strategy works and why it is appropriate for you is one of the most basic ways in which you can mitigate the risk around wealth creation and investing.</p>", "content": "", "active": true, "short_description": "", "landingpage": false, "tooltip_class_name": "education", "slug": "education", "tooltip_image": "images/education.png"}}, {"pk": 9, "model": "service.servicepage", "fields": {"meta_description": "", "priority": 0, "meta_keywords": "", "parent": 2, "title": "General Insurance", "action_links": [], "image": "", "tooltip": "<p>General insurance insures anything other than human life.</p>", "content": "", "active": true, "short_description": "", "landingpage": false, "tooltip_class_name": "general-insurance", "slug": "general-insurance", "tooltip_image": "images/general-insurance.png"}}, {"pk": 10, "model": "service.servicepage", "fields": {"meta_description": "", "priority": 0, "meta_keywords": "", "parent": 2, "title": "Business Risk Insurances", "action_links": [], "image": "", "tooltip": "<p>Ensuring your business and your heirs to your business are protected from the financial ill-effects of something happening to you or a key staff member.&nbsp;</p>", "content": "", "active": true, "short_description": "", "landingpage": false, "tooltip_class_name": "bus-risk-ins", "slug": "business-risk-insurances", "tooltip_image": "images/business-risk-ins.png"}}, {"pk": 11, "model": "service.servicepage", "fields": {"meta_description": "", "priority": 0, "meta_keywords": "", "parent": 3, "title": "Direct Property", "action_links": [], "image": "", "tooltip": "<p>Residential property is a cornerstone in many Australian investor<span>&amp;rsquo;</span>s portfolios. However getting your property purchase right and structuring it in the most efficient manner will dictate whether your property purchasing experience is an enjoyable or frustrating one.</p>", "content": "", "active": true, "short_description": "", "landingpage": false, "tooltip_class_name": "direct-prop", "slug": "direct-property", "tooltip_image": "images/direct-property.png"}}, {"pk": 12, "model": "service.servicepage", "fields": {"meta_description": "", "priority": 0, "meta_keywords": "", "parent": 3, "title": "Businesses", "action_links": [], "image": "", "tooltip": "<p>Behind health, a business can be your most valuable asset, but there are wealth of considerations that need to be made in ensuring you are running your company in the most effective manner.</p>", "content": "", "active": true, "short_description": "", "landingpage": false, "tooltip_class_name": "businesses", "slug": "businesses", "tooltip_image": "images/businesses.png"}}, {"pk": 13, "model": "service.servicepage", "fields": {"meta_description": "", "priority": 0, "meta_keywords": "", "parent": 3, "title": "Retail Superannuation", "action_links": [], "image": "", "tooltip": "<p>We all have superannuation, and it is likely to form a significant part of your retirement strategy. Ensuring your benefits are invested in an appropriate structure that maximises returns and investment options at an acceptable cost is vital.</p>", "content": "", "active": true, "short_description": "", "landingpage": false, "tooltip_class_name": "retail-super", "slug": "retail-superannuation", "tooltip_image": "images/retail-super.png"}}, {"pk": 14, "model": "service.servicepage", "fields": {"meta_description": "", "priority": 0, "meta_keywords": "", "parent": 3, "title": "Shares & Managed Funds", "action_links": [], "image": "", "tooltip": "<p>Equity investments provide you with wealth creation based on the fortunes of corporations and companies both domestically and abroad. Ensuring you are purchasing into quality stocks and managers is vital.</p>", "content": "", "active": true, "short_description": "", "landingpage": false, "tooltip_class_name": "shares-manag-funds", "slug": "shares-managed-funds", "tooltip_image": "images/shares-n-man-fund_1.png"}}, {"pk": 15, "model": "service.servicepage", "fields": {"meta_description": "", "priority": 0, "meta_keywords": "", "parent": 3, "title": "Cash", "action_links": [], "image": "", "tooltip": "<p>Cash and fixed interest investments provide steady returns at the expense of capital growth, and form the defensive low volatility portion of investor's portfolios.</p>", "content": "", "active": true, "short_description": "", "landingpage": false, "tooltip_class_name": "cash", "slug": "cash", "tooltip_image": "images/cash_1.png"}}, {"pk": 16, "model": "service.servicepage", "fields": {"meta_description": "", "priority": 0, "meta_keywords": "", "parent": 3, "title": "Self Managed Super Funds", "action_links": [], "image": "", "tooltip": "<p>Providing a diverse range of options for investing, SMSF's allow individuals to pool their superannuation benefits and invest in assets including geared direct property.</p>", "content": "", "active": true, "short_description": "", "landingpage": false, "tooltip_class_name": "self-manag-super", "slug": "self-managed-super-funds", "tooltip_image": "images/self-mngd-super-funds.png"}}, {"pk": 17, "model": "service.servicepage", "fields": {"meta_description": "", "priority": 0, "meta_keywords": "", "parent": 3, "title": "Financing & Lending", "action_links": [], "image": "", "tooltip": "<p>Loans and financing are required to settle on property, operate your business and ultimately live in the home and drive the car that you dream of.</p>", "content": "", "active": true, "short_description": "", "landingpage": false, "tooltip_class_name": "fin-lend", "slug": "financing-lending", "tooltip_image": "images/finan-lending.png"}}, {"pk": 18, "model": "service.servicepage", "fields": {"meta_description": "", "priority": 0, "meta_keywords": "", "parent": 4, "title": "Tax Management", "action_links": [], "image": "", "tooltip": "<p>Making sure that you have adequate inflows of money compared to your outflows is the first step to financial freedom. The goal is to be able to generate an ongoing positive cashflow or profit that you can utilise for investing.</p>", "content": "", "active": true, "short_description": "", "landingpage": false, "tooltip_class_name": "tax-manag", "slug": "tax-management", "tooltip_image": "images/tax-mgmt.png"}}, {"pk": 19, "model": "service.servicepage", "fields": {"meta_description": "", "priority": 0, "meta_keywords": "", "parent": 4, "title": "Cashflow Management", "action_links": [], "image": "", "tooltip": "<p>Most people don<span>&amp;rsquo;</span>t realise that their biggest annual expense is their tax bill. A well structured tax management plan seeks to minimise the tax you pay.</p>", "content": "", "active": true, "short_description": "", "landingpage": false, "tooltip_class_name": "cash-manag", "slug": "cashflow-management", "tooltip_image": "images/cashflow-mgmt.png"}}, {"pk": 1, "model": "mediacenter.newspage", "fields": {"meta_description": "", "meta_keywords": "", "title": "index", "image": "", "content": null, "link": null, "action_links": []}}, {"pk": 1, "model": "mediacenter.blogcategory", "fields": {"name": "Article", "is_article": true, "image": "", "is_active": true, "priority": 0, "slug": "article"}}, {"pk": 2, "model": "mediacenter.blogcategory", "fields": {"name": "From CEO", "is_article": false, "image": "", "is_active": true, "priority": 0, "slug": "ceo"}}, {"pk": 3, "model": "mediacenter.blogpost", "fields": {"category": [2], "priority": 0, "tags": "", "title": "Test2", "modified": "2012-05-02 14:24:59", "publishdate": "2012-05-02 14:22:00", "created": "2012-05-02 14:22:18", "content": "<p>test test test test test test test test test test test test test test test test test test test test test test</p>", "allow_comment": true, "homepage_image": "", "active": true, "slug": "test2"}}, {"pk": 4, "model": "mediacenter.blogpost", "fields": {"category": [1], "priority": 0, "tags": "bad good ok", "title": "Article2", "modified": "2012-05-04 15:00:18", "publishdate": "2012-05-02 14:22:00", "created": "2012-05-02 14:22:38", "content": "<p>article2 article2 article2 article2 article2 article2 article2 article2 article2 article2 article2 article2 article2 article2 article2 article2 article2 article2 article2 article2 article2 article2 article2 article2 article2 article2 article2 article2 article2 article2</p>", "allow_comment": false, "homepage_image": "", "active": true, "slug": "article2"}}, {"pk": 1, "model": "mediacenter.blogpost", "fields": {"category": [2], "priority": 0, "tags": "", "title": "Test1", "modified": "2012-05-02 14:21:34", "publishdate": "2012-05-02 14:21:00", "created": "2012-05-02 14:21:34", "content": "<p>test test test test test test test test test test test test test test test test test test test test test test</p>", "allow_comment": true, "homepage_image": "", "active": true, "slug": "test1"}}, {"pk": 2, "model": "mediacenter.blogpost", "fields": {"category": [1], "priority": 0, "tags": "", "title": "Article1", "modified": "2012-05-02 14:25:55", "publishdate": "2012-05-02 14:21:00", "created": "2012-05-02 14:22:00", "content": "<p>article1 article1 article1 article1 article1 article1 article1 article1 article1 article1 article1 article1 article1 article1 article1 article1 article1 article1 article1 article1 article1 article1 article1 article1 article1 article1 article1 article1 article1 article1 article1 article1 article1 article1</p>", "allow_comment": false, "homepage_image": "", "active": true, "slug": "article1"}}, {"pk": 1, "model": "mediacenter.comment", "fields": {"website": null, "comment": "asdfdsfsdfasdfsd sd fsdf sdf sdf dsf dsf sda fdsf ds", "name": "test", "created": "2012-05-03 14:25:08", "active": true, "post": 1, "email": "test@test.com"}}, {"pk": 2, "model": "mediacenter.comment", "fields": {"website": null, "comment": "12311213123qwd sadfsd fsadf asdf sd", "name": "test", "created": "2012-05-03 14:25:30", "active": true, "post": 1, "email": "test@test.com"}}, {"pk": 1, "model": "team.teampage", "fields": {"meta_description": "", "priority": 0, "include_teammembers": true, "meta_keywords": "", "parent": null, "title": "Our Team", "image": "", "content": "<p>At Ark Total Wealth, all of our Financial Advisers possess many years of experience working in independent boutique practices and are able to give you all-encompassing holistic advice whatever your specific situation may be. In addition, we have specialist advisers in Small to Medium Enterprise planning with extensive experience in structuring and owning businesses as well as in the field of General Insurance. So whether you are a PAYG employee, Sole Trader or Director/Owner of your own business we&rsquo;ll be able to provide you with the experienced and expert advice that you need.</p>", "active": true, "short_description": "", "landingpage": false, "action_links": [1], "slug": "our-team"}}, {"pk": 1, "model": "team.teammember", "fields": {"priority": 0, "position": "Director", "image": "images/ourteam1_1.jpg", "name": "Ivan Kaye", "description": "<p>Ivan is the Director of Ark Total Wealth and also Business Strategies International (BSI). Ivan is a Qualified Chartered Accountant and over the last three years he has assisted more than 50 companies access finance and engage in commercial arrangements. Throughout Ivan's career he has been involved in helping start ups, corporations and emerging companies achieve their growth potential. This passion has now flowed through to individuals and Ivan is intent on using his vast knowledge and experience to help individuals grow their wealth so they can achieve their financial freedom. Ivan has a keen interest in golf at Northbridge and hiking around Sydney.</p>"}}, {"pk": 2, "model": "team.teammember", "fields": {"priority": 0, "position": "Financial Advisor", "image": "images/ourteam2_1.jpg", "name": "Dylan Chan BA.DFS", "description": "<p>Dylan has practised as a Financial Adviser since 2002 and joined Ark Total Wealth in 2004. Dylan provides advice to a diverse range of clients from young people just starting out, to retirees planning on having a comfortable retirement and especially enjoys providing advice on the setup and running of Self-Managed Super funds incorporating direct property.</p>\r\n<p>When he is not at work Dylan enjoys going to the gym, playing squash and a round of golf when he can find the time.</p>"}}, {"pk": 1, "model": "website.imageplayer", "fields": {"description": "", "in_flash": false, "title": "", "in_js": true, "image": "images/flash-banner-1.jpg", "priority": 0, "link": ""}}, {"pk": 2, "model": "website.imageplayer", "fields": {"description": "", "in_flash": false, "title": "", "in_js": true, "image": "images/flash-banner-1_1.jpg", "priority": 0, "link": ""}}, {"pk": 1, "model": "website.miscpage", "fields": {"meta_description": "", "meta_keywords": "", "page_title": "", "created": "2012-05-02 14:28:47", "title": "Welcome to Ark Total Wealth...", "modified": "2012-05-02 14:29:46", "content": "<p class=\"home-sub-txt\">Ark Total Wealth has been established for 18 years and we provide a large range of services that help you build, maintain and <span>protect your wealth.</span></p>\r\n<p>Ark Total Wealth offers the complete wealth creation service, offering all the traditional financial planning services you would expect, such as investments, insurance and superannuation, plus a range of additional services you might not expect.</p>", "header": "", "link": "", "active": true, "path": "index", "action_links": [1], "in_contact": false}}, {"pk": 2, "model": "website.miscpage", "fields": {"meta_description": "", "meta_keywords": "", "page_title": "", "created": "2012-05-02 14:57:45", "title": "Overview", "modified": "2012-05-02 14:57:45", "content": "<p>Ark Total Wealth is a boutique financial planning practice offering wealth creation strategies aimed at taking you beyond what you thought possible.</p>\r\n<p>We are independently licensed and so when we look to solutions for your specific needs, we are not limited to certain investment companies or providers. Moreover, we and our parent company are not investment product providers, and so unlike many Financial Planning firms owned by banks and insurances companies we will provide you with well-researched and unbiased advice and investment product recommendation</p>\r\n<p>Since its inception 18 years ago, Ark Total Wealth has evolved into a complete wealth creation service offering you a range of financial planning services such as:</p>\r\n<ul>\r\n<li>Shares &amp; Managed Funds</li>\r\n<li>Direct Property</li>\r\n<li>Risk Insurances &ndash; Personal, Business &amp; General</li>\r\n<li>Business Planning</li>\r\n<li>Tax Structuring</li>\r\n<li>Superannuation</li>\r\n<li>Self Managed Super Funds (SMSF&rsquo;s)</li>\r\n<li>Cashflow Management</li>\r\n<li>Lending &amp; Financing</li>\r\n</ul>\r\n<p>Ark Total Wealth&rsquo;s strategic financial planning advice is tailored to your specific situation. We weave many of the above elements into a comprehensive and easy to understand financial strategy that will mean your money is working both harder and smarter for you, whether you are just getting started, building equity or planning for retirement.</p>", "header": "", "link": "", "active": true, "path": "overview.html", "action_links": [1], "in_contact": false}}, {"pk": 3, "model": "website.miscpage", "fields": {"meta_description": "", "meta_keywords": "", "page_title": "", "created": "2012-05-03 11:27:40", "title": "Contact Us", "modified": "2012-05-03 11:27:40", "content": "<div class=\"contact-container\">\r\n<div class=\"left\">\r\n<p>Level 7, 14 Martin Place,<br /> Sydney, NSW 2000<br /> PO Box 4013,<br /> Sydney, NSW 2001</p>\r\n<p><span>Phone:</span> +61 2 9262 3333<br /> <span>Fax:</span> +61 2 9262 5788</p>\r\n<img style=\"margin-top: 67px; float: right;\" src=\"/media/assets/images/map-2.jpg\" alt=\"\" /></div>\r\n<div class=\"right\"><img src=\"/media/assets/images/contact-1.jpg\" alt=\"\" /><br /> <img style=\"margin-top: 20px;\" src=\"/media/assets/images/pitt-st-martin-pl.jpg\" alt=\"\" /></div>\r\n</div>", "header": "", "link": "", "active": true, "path": "contact.html", "action_links": [], "in_contact": true}}, {"pk": 4, "model": "website.miscpage", "fields": {"meta_description": "", "meta_keywords": "", "page_title": "", "created": "2012-05-03 11:55:47", "title": "Email Enquiry", "modified": "2012-05-03 11:56:40", "content": "<p>Please fill in the form if you have any enquires</p>", "header": "", "link": "", "active": true, "path": "email_enquiry.html", "action_links": [], "in_contact": true}}, {"pk": 1, "model": "website.interest", "fields": {"priority": 0, "place": "enquiry", "name": "Mortgage"}}, {"pk": 1, "model": "website.enquiry", "fields": {"is_answered": false, "first_name": "test", "surname": "test", "comments": "etr", "phone": "1213123", "submitdate": "2012-05-03 12:37:17", "interest": 1, "email": "test@test.com"}}, {"pk": 2, "model": "website.enquiry", "fields": {"is_answered": false, "first_name": "test", "surname": "test", "comments": "sdfdsfsd", "phone": "1231231", "submitdate": "2012-05-03 12:42:46", "interest": 1, "email": "test@test.com"}}, {"pk": 1, "model": "website.emailreceiver", "fields": {"type": "enquiry", "email": "chaol@1md.com.au"}}, {"pk": 34, "model": "captcha.captchastore", "fields": {"challenge": "QKRW", "hashkey": "8d27ee35ba421b0f24d5048dfe0db72e4578d37b", "response": "qkrw", "expiration": "2012-05-04 11:23:22"}}, {"pk": 33, "model": "captcha.captchastore", "fields": {"challenge": "OVEG", "hashkey": "a651a606578fab09bdfac55ad2f00e6843d0d799", "response": "oveg", "expiration": "2012-05-04 11:22:02"}}, {"pk": 32, "model": "captcha.captchastore", "fields": {"challenge": "SMSH", "hashkey": "bc0f965f4cf2b3b7e00947617e83edc89eb75526", "response": "smsh", "expiration": "2012-05-03 15:26:06"}}, {"pk": 31, "model": "captcha.captchastore", "fields": {"challenge": "LTZE", "hashkey": "73ccba40eb90ca76f9dc60455745dde79fdd697c", "response": "ltze", "expiration": "2012-05-03 14:38:48"}}, {"pk": 30, "model": "captcha.captchastore", "fields": {"challenge": "JKYU", "hashkey": "19d1b59a3635694bda59c1a44e6fa80e1a1f3500", "response": "jkyu", "expiration": "2012-05-03 14:37:16"}}, {"pk": 29, "model": "captcha.captchastore", "fields": {"challenge": "GUQC", "hashkey": "3b0546c9ce57aa0c2abf571f7781b10a32220108", "response": "guqc", "expiration": "2012-05-03 14:37:12"}}, {"pk": 28, "model": "captcha.captchastore", "fields": {"challenge": "RPFV", "hashkey": "46ee5db76b4cdb748307eb4f41b3249c7b34c1e9", "response": "rpfv", "expiration": "2012-05-03 14:35:52"}}, {"pk": 27, "model": "captcha.captchastore", "fields": {"challenge": "ZWMA", "hashkey": "dba759f70887613b5d474d5ed9beaa60a9d88b96", "response": "zwma", "expiration": "2012-05-03 14:34:53"}}, {"pk": 26, "model": "captcha.captchastore", "fields": {"challenge": "KYFP", "hashkey": "648232688a6ffab67bf31913335cfa2adc30466b", "response": "kyfp", "expiration": "2012-05-03 14:32:12"}}, {"pk": 25, "model": "captcha.captchastore", "fields": {"challenge": "IQUJ", "hashkey": "c09ff77d6b830f249a8b40852c63c54eb914b6e4", "response": "iquj", "expiration": "2012-05-03 14:32:09"}}, {"pk": 24, "model": "captcha.captchastore", "fields": {"challenge": "RTID", "hashkey": "8c856d4a5c84b3f85b282eddb022ae4dac131245", "response": "rtid", "expiration": "2012-05-03 14:32:02"}}, {"pk": 23, "model": "captcha.captchastore", "fields": {"challenge": "JAAX", "hashkey": "c326366e4a1630a040806052e82d526f4470230a", "response": "jaax", "expiration": "2012-05-03 14:31:49"}}, {"pk": 22, "model": "captcha.captchastore", "fields": {"challenge": "AYSW", "hashkey": "21eead940e93c01936ee5e388e83e74982b6ac5d", "response": "aysw", "expiration": "2012-05-03 14:31:25"}}, {"pk": 21, "model": "captcha.captchastore", "fields": {"challenge": "NFRG", "hashkey": "3896461b3f4a83dd565bba42a9c86bff4847bb00", "response": "nfrg", "expiration": "2012-05-03 14:30:30"}}, {"pk": 15, "model": "captcha.captchastore", "fields": {"challenge": "BXEX", "hashkey": "13775ed4f9c02afb6577c0ebc0f7e08b955bd2e8", "response": "bxex", "expiration": "2012-05-03 14:29:41"}}, {"pk": 16, "model": "captcha.captchastore", "fields": {"challenge": "RCUH", "hashkey": "20168f2b12a2c27b32479a04b01027b34f730934", "response": "rcuh", "expiration": "2012-05-03 14:29:51"}}, {"pk": 17, "model": "captcha.captchastore", "fields": {"challenge": "TSET", "hashkey": "20992e9a3311973a481d6c240b98b318a3082faf", "response": "tset", "expiration": "2012-05-03 14:29:55"}}, {"pk": 19, "model": "captcha.captchastore", "fields": {"challenge": "QMBJ", "hashkey": "5cc2ef6a8ed2747e6cfbb232eb4e319f45c8a4b2", "response": "qmbj", "expiration": "2012-05-03 14:30:09"}}, {"pk": 35, "model": "captcha.captchastore", "fields": {"challenge": "FIJP", "hashkey": "9935ec4de8ad6126798f050cb817e0738dc13f96", "response": "fijp", "expiration": "2012-05-04 14:32:25"}}, {"pk": 36, "model": "captcha.captchastore", "fields": {"challenge": "WQRB", "hashkey": "3b676800cef9bd38ad23c8248a1de3be6ceea2d5", "response": "wqrb", "expiration": "2012-05-04 14:32:28"}}, {"pk": 37, "model": "captcha.captchastore", "fields": {"challenge": "UNKF", "hashkey": "eb3224027601391b0dffc92d3f7e1e2a6e8227fc", "response": "unkf", "expiration": "2012-05-04 14:34:30"}}, {"pk": 38, "model": "captcha.captchastore", "fields": {"challenge": "JJHI", "hashkey": "680878869dfe01d488b75a34d3333cfc84d6dbf6", "response": "jjhi", "expiration": "2012-05-04 14:37:23"}}, {"pk": 39, "model": "captcha.captchastore", "fields": {"challenge": "NJAW", "hashkey": "50dc2546e80e89e8f5eea88c1b54672fd151a59d", "response": "njaw", "expiration": "2012-05-04 14:37:28"}}, {"pk": 1, "model": "tagging.tag", "fields": {"name": "bad"}}, {"pk": 4, "model": "tagging.tag", "fields": {"name": "bad good ok"}}, {"pk": 2, "model": "tagging.tag", "fields": {"name": "good"}}, {"pk": 5, "model": "tagging.tag", "fields": {"name": "good bad shit"}}, {"pk": 3, "model": "tagging.tag", "fields": {"name": "ok"}}, {"pk": 8, "model": "tagging.taggeditem", "fields": {"tag": 3, "object_id": 4, "content_type": 12}}, {"pk": 6, "model": "tagging.taggeditem", "fields": {"tag": 1, "object_id": 4, "content_type": 12}}, {"pk": 7, "model": "tagging.taggeditem", "fields": {"tag": 2, "object_id": 4, "content_type": 12}}, {"pk": 94, "model": "admin.logentry", "fields": {"action_flag": 2, "action_time": "2012-05-04 15:16:38", "object_repr": "Our Services --> Assets --> Self Managed Super Funds", "object_id": "16", "change_message": "Changed tooltip.", "user": 1, "content_type": 9}}, {"pk": 93, "model": "admin.logentry", "fields": {"action_flag": 2, "action_time": "2012-05-04 15:16:17", "object_repr": "Our Services --> Assets --> Cash", "object_id": "15", "change_message": "Changed tooltip.", "user": 1, "content_type": 9}}, {"pk": 92, "model": "admin.logentry", "fields": {"action_flag": 2, "action_time": "2012-05-04 15:00:18", "object_repr": "Article2", "object_id": "4", "change_message": "Changed tags.", "user": 1, "content_type": 12}}, {"pk": 91, "model": "admin.logentry", "fields": {"action_flag": 2, "action_time": "2012-05-04 14:35:50", "object_repr": "Article2", "object_id": "4", "change_message": "Changed tags.", "user": 1, "content_type": 12}}, {"pk": 90, "model": "admin.logentry", "fields": {"action_flag": 1, "action_time": "2012-05-04 13:19:56", "object_repr": "/media/images/flash-banner-1_1.jpg", "object_id": "2", "change_message": "", "user": 1, "content_type": 16}}, {"pk": 89, "model": "admin.logentry", "fields": {"action_flag": 1, "action_time": "2012-05-04 11:37:28", "object_repr": "/media/images/flash-banner-1.jpg", "object_id": "1", "change_message": "", "user": 1, "content_type": 16}}, {"pk": 88, "model": "admin.logentry", "fields": {"action_flag": 3, "action_time": "2012-05-04 11:32:19", "object_repr": "Our Services --> Test2", "object_id": "20", "change_message": "", "user": 1, "content_type": 9}}, {"pk": 87, "model": "admin.logentry", "fields": {"action_flag": 1, "action_time": "2012-05-04 11:31:53", "object_repr": "Our Services --> Test2", "object_id": "20", "change_message": "", "user": 1, "content_type": 9}}, {"pk": 86, "model": "admin.logentry", "fields": {"action_flag": 3, "action_time": "2012-05-04 11:31:05", "object_repr": "Our Team --> About Us", "object_id": "2", "change_message": "", "user": 1, "content_type": 14}}, {"pk": 85, "model": "admin.logentry", "fields": {"action_flag": 2, "action_time": "2012-05-04 11:30:14", "object_repr": "Our Team --> About Us", "object_id": "2", "change_message": "Changed active.", "user": 1, "content_type": 14}}, {"pk": 84, "model": "admin.logentry", "fields": {"action_flag": 2, "action_time": "2012-05-04 11:02:40", "object_repr": "Our Services --> Risk --> Asset Protection", "object_id": "6", "change_message": "Changed content.", "user": 1, "content_type": 9}}, {"pk": 83, "model": "admin.logentry", "fields": {"action_flag": 2, "action_time": "2012-05-04 11:02:26", "object_repr": "Our Services --> Risk --> Personal Risk Insurances", "object_id": "5", "change_message": "Changed short_description.", "user": 1, "content_type": 9}}, {"pk": 82, "model": "admin.logentry", "fields": {"action_flag": 2, "action_time": "2012-05-04 11:02:09", "object_repr": "Our Services --> Risk", "object_id": "2", "change_message": "Changed content.", "user": 1, "content_type": 9}}, {"pk": 72, "model": "admin.logentry", "fields": {"action_flag": 2, "action_time": "2012-05-04 10:27:10", "object_repr": "Our Services --> Risk --> Asset Protection", "object_id": "6", "change_message": "Changed tooltip and tooltip_class_name.", "user": 1, "content_type": 9}}, {"pk": 73, "model": "admin.logentry", "fields": {"action_flag": 2, "action_time": "2012-05-04 10:27:10", "object_repr": "Our Services --> Assets --> Direct Property", "object_id": "11", "change_message": "Changed tooltip and tooltip_class_name.", "user": 1, "content_type": 9}}, {"pk": 74, "model": "admin.logentry", "fields": {"action_flag": 2, "action_time": "2012-05-04 10:27:10", "object_repr": "Our Services --> Assets --> Businesses", "object_id": "12", "change_message": "Changed tooltip and tooltip_class_name.", "user": 1, "content_type": 9}}, {"pk": 75, "model": "admin.logentry", "fields": {"action_flag": 2, "action_time": "2012-05-04 10:27:10", "object_repr": "Our Services --> Assets --> Retail Superannuation", "object_id": "13", "change_message": "Changed tooltip and tooltip_class_name.", "user": 1, "content_type": 9}}, {"pk": 76, "model": "admin.logentry", "fields": {"action_flag": 2, "action_time": "2012-05-04 10:27:10", "object_repr": "Our Services --> Assets --> Shares & Managed Funds", "object_id": "14", "change_message": "Changed tooltip and tooltip_class_name.", "user": 1, "content_type": 9}}, {"pk": 77, "model": "admin.logentry", "fields": {"action_flag": 2, "action_time": "2012-05-04 10:27:10", "object_repr": "Our Services --> Assets --> Cash", "object_id": "15", "change_message": "Changed tooltip and tooltip_class_name.", "user": 1, "content_type": 9}}, {"pk": 78, "model": "admin.logentry", "fields": {"action_flag": 2, "action_time": "2012-05-04 10:27:10", "object_repr": "Our Services --> Assets --> Self Managed Super Funds", "object_id": "16", "change_message": "Changed tooltip and tooltip_class_name.", "user": 1, "content_type": 9}}, {"pk": 79, "model": "admin.logentry", "fields": {"action_flag": 2, "action_time": "2012-05-04 10:27:10", "object_repr": "Our Services --> Assets --> Financing & Lending", "object_id": "17", "change_message": "Changed tooltip and tooltip_class_name.", "user": 1, "content_type": 9}}, {"pk": 80, "model": "admin.logentry", "fields": {"action_flag": 2, "action_time": "2012-05-04 10:27:10", "object_repr": "Our Services --> Cashflow --> Tax Management", "object_id": "18", "change_message": "Changed tooltip and tooltip_class_name.", "user": 1, "content_type": 9}}, {"pk": 81, "model": "admin.logentry", "fields": {"action_flag": 2, "action_time": "2012-05-04 10:27:10", "object_repr": "Our Services --> Cashflow --> Cashflow Management", "object_id": "19", "change_message": "Changed tooltip and tooltip_class_name.", "user": 1, "content_type": 9}}, {"pk": 64, "model": "admin.logentry", "fields": {"action_flag": 2, "action_time": "2012-05-04 10:22:31", "object_repr": "Our Services --> Risk", "object_id": "2", "change_message": "Changed tooltip_class_name.", "user": 1, "content_type": 9}}, {"pk": 65, "model": "admin.logentry", "fields": {"action_flag": 2, "action_time": "2012-05-04 10:22:31", "object_repr": "Our Services --> Assets", "object_id": "3", "change_message": "Changed tooltip_class_name.", "user": 1, "content_type": 9}}, {"pk": 66, "model": "admin.logentry", "fields": {"action_flag": 2, "action_time": "2012-05-04 10:22:31", "object_repr": "Our Services --> Cashflow", "object_id": "4", "change_message": "Changed tooltip_class_name.", "user": 1, "content_type": 9}}, {"pk": 67, "model": "admin.logentry", "fields": {"action_flag": 2, "action_time": "2012-05-04 10:22:31", "object_repr": "Our Services --> Risk --> Personal Risk Insurances", "object_id": "5", "change_message": "Changed tooltip and tooltip_class_name.", "user": 1, "content_type": 9}}, {"pk": 68, "model": "admin.logentry", "fields": {"action_flag": 2, "action_time": "2012-05-04 10:22:31", "object_repr": "Our Services --> Risk --> Estate Planning", "object_id": "7", "change_message": "Changed tooltip and tooltip_class_name.", "user": 1, "content_type": 9}}, {"pk": 69, "model": "admin.logentry", "fields": {"action_flag": 2, "action_time": "2012-05-04 10:22:31", "object_repr": "Our Services --> Risk --> Education", "object_id": "8", "change_message": "Changed tooltip and tooltip_class_name.", "user": 1, "content_type": 9}}, {"pk": 70, "model": "admin.logentry", "fields": {"action_flag": 2, "action_time": "2012-05-04 10:22:31", "object_repr": "Our Services --> Risk --> General Insurance", "object_id": "9", "change_message": "Changed tooltip and tooltip_class_name.", "user": 1, "content_type": 9}}, {"pk": 71, "model": "admin.logentry", "fields": {"action_flag": 2, "action_time": "2012-05-04 10:22:31", "object_repr": "Our Services --> Risk --> Business Risk Insurances", "object_id": "10", "change_message": "Changed tooltip and tooltip_class_name.", "user": 1, "content_type": 9}}, {"pk": 55, "model": "admin.logentry", "fields": {"action_flag": 2, "action_time": "2012-05-04 10:14:04", "object_repr": "Our Services --> Assets --> Direct Property", "object_id": "11", "change_message": "Changed active.", "user": 1, "content_type": 9}}, {"pk": 56, "model": "admin.logentry", "fields": {"action_flag": 2, "action_time": "2012-05-04 10:14:04", "object_repr": "Our Services --> Assets --> Businesses", "object_id": "12", "change_message": "Changed active.", "user": 1, "content_type": 9}}, {"pk": 57, "model": "admin.logentry", "fields": {"action_flag": 2, "action_time": "2012-05-04 10:14:04", "object_repr": "Our Services --> Assets --> Retail Superannuation", "object_id": "13", "change_message": "Changed active.", "user": 1, "content_type": 9}}, {"pk": 58, "model": "admin.logentry", "fields": {"action_flag": 2, "action_time": "2012-05-04 10:14:04", "object_repr": "Our Services --> Assets --> Shares & Managed Funds", "object_id": "14", "change_message": "Changed active.", "user": 1, "content_type": 9}}, {"pk": 59, "model": "admin.logentry", "fields": {"action_flag": 2, "action_time": "2012-05-04 10:14:04", "object_repr": "Our Services --> Assets --> Cash", "object_id": "15", "change_message": "Changed active.", "user": 1, "content_type": 9}}, {"pk": 60, "model": "admin.logentry", "fields": {"action_flag": 2, "action_time": "2012-05-04 10:14:04", "object_repr": "Our Services --> Assets --> Self Managed Super Funds", "object_id": "16", "change_message": "Changed active.", "user": 1, "content_type": 9}}, {"pk": 61, "model": "admin.logentry", "fields": {"action_flag": 2, "action_time": "2012-05-04 10:14:04", "object_repr": "Our Services --> Assets --> Financing & Lending", "object_id": "17", "change_message": "Changed active.", "user": 1, "content_type": 9}}, {"pk": 62, "model": "admin.logentry", "fields": {"action_flag": 2, "action_time": "2012-05-04 10:14:04", "object_repr": "Our Services --> Cashflow --> Tax Management", "object_id": "18", "change_message": "Changed active.", "user": 1, "content_type": 9}}, {"pk": 63, "model": "admin.logentry", "fields": {"action_flag": 2, "action_time": "2012-05-04 10:14:04", "object_repr": "Our Services --> Cashflow --> Cashflow Management", "object_id": "19", "change_message": "Changed active.", "user": 1, "content_type": 9}}, {"pk": 52, "model": "admin.logentry", "fields": {"action_flag": 2, "action_time": "2012-05-04 10:14:03", "object_repr": "Our Services --> Risk --> Education", "object_id": "8", "change_message": "Changed active.", "user": 1, "content_type": 9}}, {"pk": 53, "model": "admin.logentry", "fields": {"action_flag": 2, "action_time": "2012-05-04 10:14:03", "object_repr": "Our Services --> Risk --> General Insurance", "object_id": "9", "change_message": "Changed active.", "user": 1, "content_type": 9}}, {"pk": 54, "model": "admin.logentry", "fields": {"action_flag": 2, "action_time": "2012-05-04 10:14:03", "object_repr": "Our Services --> Risk --> Business Risk Insurances", "object_id": "10", "change_message": "Changed active.", "user": 1, "content_type": 9}}, {"pk": 51, "model": "admin.logentry", "fields": {"action_flag": 1, "action_time": "2012-05-04 10:11:48", "object_repr": "Cashflow --> Cashflow Management", "object_id": "19", "change_message": "", "user": 1, "content_type": 9}}, {"pk": 50, "model": "admin.logentry", "fields": {"action_flag": 1, "action_time": "2012-05-04 10:11:10", "object_repr": "Cashflow --> Tax Management", "object_id": "18", "change_message": "", "user": 1, "content_type": 9}}, {"pk": 49, "model": "admin.logentry", "fields": {"action_flag": 1, "action_time": "2012-05-04 10:10:31", "object_repr": "Assets --> Financing & Lending", "object_id": "17", "change_message": "", "user": 1, "content_type": 9}}, {"pk": 48, "model": "admin.logentry", "fields": {"action_flag": 1, "action_time": "2012-05-04 10:08:30", "object_repr": "Assets --> Self Managed Super Funds", "object_id": "16", "change_message": "", "user": 1, "content_type": 9}}, {"pk": 47, "model": "admin.logentry", "fields": {"action_flag": 2, "action_time": "2012-05-04 10:07:55", "object_repr": "Assets --> Cash", "object_id": "15", "change_message": "Changed image.", "user": 1, "content_type": 9}}, {"pk": 46, "model": "admin.logentry", "fields": {"action_flag": 1, "action_time": "2012-05-04 10:07:48", "object_repr": "Assets --> Cash", "object_id": "15", "change_message": "", "user": 1, "content_type": 9}}, {"pk": 45, "model": "admin.logentry", "fields": {"action_flag": 2, "action_time": "2012-05-04 10:07:14", "object_repr": "Assets --> Shares & Managed Funds", "object_id": "14", "change_message": "Changed image.", "user": 1, "content_type": 9}}, {"pk": 44, "model": "admin.logentry", "fields": {"action_flag": 1, "action_time": "2012-05-04 10:07:08", "object_repr": "Assets --> Shares & Managed Funds", "object_id": "14", "change_message": "", "user": 1, "content_type": 9}}, {"pk": 43, "model": "admin.logentry", "fields": {"action_flag": 1, "action_time": "2012-05-04 10:05:48", "object_repr": "Assets --> Retail Superannuation", "object_id": "13", "change_message": "", "user": 1, "content_type": 9}}, {"pk": 42, "model": "admin.logentry", "fields": {"action_flag": 1, "action_time": "2012-05-04 10:05:07", "object_repr": "Assets --> Businesses", "object_id": "12", "change_message": "", "user": 1, "content_type": 9}}, {"pk": 41, "model": "admin.logentry", "fields": {"action_flag": 1, "action_time": "2012-05-04 10:04:23", "object_repr": "Assets --> Direct Property", "object_id": "11", "change_message": "", "user": 1, "content_type": 9}}, {"pk": 40, "model": "admin.logentry", "fields": {"action_flag": 1, "action_time": "2012-05-04 10:03:53", "object_repr": "Risk --> Business Risk Insurances", "object_id": "10", "change_message": "", "user": 1, "content_type": 9}}, {"pk": 39, "model": "admin.logentry", "fields": {"action_flag": 1, "action_time": "2012-05-04 10:03:21", "object_repr": "Risk --> General Insurance", "object_id": "9", "change_message": "", "user": 1, "content_type": 9}}, {"pk": 38, "model": "admin.logentry", "fields": {"action_flag": 1, "action_time": "2012-05-04 10:02:50", "object_repr": "Risk --> Education", "object_id": "8", "change_message": "", "user": 1, "content_type": 9}}, {"pk": 37, "model": "admin.logentry", "fields": {"action_flag": 1, "action_time": "2012-05-04 10:02:26", "object_repr": "Risk --> Estate Planning", "object_id": "7", "change_message": "", "user": 1, "content_type": 9}}, {"pk": 36, "model": "admin.logentry", "fields": {"action_flag": 1, "action_time": "2012-05-04 10:01:53", "object_repr": "Risk --> Asset Protection", "object_id": "6", "change_message": "", "user": 1, "content_type": 9}}, {"pk": 35, "model": "admin.logentry", "fields": {"action_flag": 1, "action_time": "2012-05-04 10:01:10", "object_repr": "Risk --> Personal Risk Insurances", "object_id": "5", "change_message": "", "user": 1, "content_type": 9}}, {"pk": 34, "model": "admin.logentry", "fields": {"action_flag": 1, "action_time": "2012-05-04 10:00:20", "object_repr": "Our Services --> Cashflow", "object_id": "4", "change_message": "", "user": 1, "content_type": 9}}, {"pk": 33, "model": "admin.logentry", "fields": {"action_flag": 2, "action_time": "2012-05-04 09:59:41", "object_repr": "Our Services --> Risk", "object_id": "2", "change_message": "Changed active.", "user": 1, "content_type": 9}}, {"pk": 32, "model": "admin.logentry", "fields": {"action_flag": 1, "action_time": "2012-05-04 09:59:37", "object_repr": "Our Services --> Assets", "object_id": "3", "change_message": "", "user": 1, "content_type": 9}}, {"pk": 31, "model": "admin.logentry", "fields": {"action_flag": 2, "action_time": "2012-05-04 09:49:20", "object_repr": "Dylan Chan BA.DFS", "object_id": "2", "change_message": "Changed image.", "user": 1, "content_type": 15}}, {"pk": 30, "model": "admin.logentry", "fields": {"action_flag": 2, "action_time": "2012-05-04 09:49:09", "object_repr": "Ivan Kaye", "object_id": "1", "change_message": "Changed image.", "user": 1, "content_type": 15}}, {"pk": 29, "model": "admin.logentry", "fields": {"action_flag": 2, "action_time": "2012-05-03 14:51:23", "object_repr": "Article2", "object_id": "4", "change_message": "Changed tags.", "user": 1, "content_type": 12}}, {"pk": 28, "model": "admin.logentry", "fields": {"action_flag": 1, "action_time": "2012-05-03 14:31:48", "object_repr": "MEDIA CENTER", "object_id": "1", "change_message": "", "user": 1, "content_type": 10}}, {"pk": 27, "model": "admin.logentry", "fields": {"action_flag": 1, "action_time": "2012-05-03 12:38:22", "object_repr": "chaol@1md.com.au", "object_id": "1", "change_message": "", "user": 1, "content_type": 20}}, {"pk": 26, "model": "admin.logentry", "fields": {"action_flag": 1, "action_time": "2012-05-03 12:33:58", "object_repr": "Mortgage", "object_id": "1", "change_message": "", "user": 1, "content_type": 18}}, {"pk": 25, "model": "admin.logentry", "fields": {"action_flag": 2, "action_time": "2012-05-03 11:56:40", "object_repr": "Email Enquiry", "object_id": "4", "change_message": "Changed content.", "user": 1, "content_type": 17}}, {"pk": 24, "model": "admin.logentry", "fields": {"action_flag": 1, "action_time": "2012-05-03 11:55:47", "object_repr": "Email Enquiry", "object_id": "4", "change_message": "", "user": 1, "content_type": 17}}, {"pk": 23, "model": "admin.logentry", "fields": {"action_flag": 1, "action_time": "2012-05-03 11:27:40", "object_repr": "Contact Us", "object_id": "3", "change_message": "", "user": 1, "content_type": 17}}, {"pk": 22, "model": "admin.logentry", "fields": {"action_flag": 2, "action_time": "2012-05-03 11:11:30", "object_repr": "Our Team", "object_id": "1", "change_message": "Changed action_links.", "user": 1, "content_type": 14}}, {"pk": 21, "model": "admin.logentry", "fields": {"action_flag": 2, "action_time": "2012-05-03 11:11:08", "object_repr": "Our Team", "object_id": "1", "change_message": "No fields changed.", "user": 1, "content_type": 14}}, {"pk": 20, "model": "admin.logentry", "fields": {"action_flag": 1, "action_time": "2012-05-03 11:07:29", "object_repr": "Dylan Chan BA.DFS", "object_id": "2", "change_message": "", "user": 1, "content_type": 15}}, {"pk": 19, "model": "admin.logentry", "fields": {"action_flag": 1, "action_time": "2012-05-03 11:06:36", "object_repr": "Ivan Kaye", "object_id": "1", "change_message": "", "user": 1, "content_type": 15}}, {"pk": 18, "model": "admin.logentry", "fields": {"action_flag": 1, "action_time": "2012-05-03 11:04:10", "object_repr": "Our Team", "object_id": "1", "change_message": "", "user": 1, "content_type": 14}}, {"pk": 17, "model": "admin.logentry", "fields": {"action_flag": 1, "action_time": "2012-05-02 15:47:49", "object_repr": "Our Services", "object_id": "1", "change_message": "", "user": 1, "content_type": 9}}, {"pk": 16, "model": "admin.logentry", "fields": {"action_flag": 1, "action_time": "2012-05-02 14:57:45", "object_repr": "Overview", "object_id": "2", "change_message": "", "user": 1, "content_type": 17}}, {"pk": 15, "model": "admin.logentry", "fields": {"action_flag": 2, "action_time": "2012-05-02 14:41:31", "object_repr": "Our mortgage brokers make it easy for you. Contact us now", "object_id": "1", "change_message": "Changed title.", "user": 1, "content_type": 8}}, {"pk": 14, "model": "admin.logentry", "fields": {"action_flag": 2, "action_time": "2012-05-02 14:29:46", "object_repr": "Welcome to Ark Total Wealth...", "object_id": "1", "change_message": "Changed action_links.", "user": 1, "content_type": 17}}, {"pk": 13, "model": "admin.logentry", "fields": {"action_flag": 1, "action_time": "2012-05-02 14:29:27", "object_repr": "Our mortgage brokers make it easy for you. Contact us now", "object_id": "1", "change_message": "", "user": 1, "content_type": 8}}, {"pk": 12, "model": "admin.logentry", "fields": {"action_flag": 1, "action_time": "2012-05-02 14:28:47", "object_repr": "Welcome to Ark Total Wealth...", "object_id": "1", "change_message": "", "user": 1, "content_type": 17}}, {"pk": 11, "model": "admin.logentry", "fields": {"action_flag": 2, "action_time": "2012-05-02 14:26:10", "object_repr": "Article2", "object_id": "4", "change_message": "Changed content.", "user": 1, "content_type": 12}}, {"pk": 10, "model": "admin.logentry", "fields": {"action_flag": 2, "action_time": "2012-05-02 14:25:55", "object_repr": "Article1", "object_id": "2", "change_message": "Changed content.", "user": 1, "content_type": 12}}, {"pk": 9, "model": "admin.logentry", "fields": {"action_flag": 2, "action_time": "2012-05-02 14:25:16", "object_repr": "Article2", "object_id": "4", "change_message": "Changed content.", "user": 1, "content_type": 12}}, {"pk": 8, "model": "admin.logentry", "fields": {"action_flag": 2, "action_time": "2012-05-02 14:25:09", "object_repr": "Article1", "object_id": "2", "change_message": "Changed content.", "user": 1, "content_type": 12}}, {"pk": 7, "model": "admin.logentry", "fields": {"action_flag": 2, "action_time": "2012-05-02 14:24:59", "object_repr": "Test2", "object_id": "3", "change_message": "Changed content.", "user": 1, "content_type": 12}}, {"pk": 6, "model": "admin.logentry", "fields": {"action_flag": 1, "action_time": "2012-05-02 14:22:38", "object_repr": "Article2", "object_id": "4", "change_message": "", "user": 1, "content_type": 12}}, {"pk": 5, "model": "admin.logentry", "fields": {"action_flag": 1, "action_time": "2012-05-02 14:22:18", "object_repr": "Test2", "object_id": "3", "change_message": "", "user": 1, "content_type": 12}}, {"pk": 4, "model": "admin.logentry", "fields": {"action_flag": 1, "action_time": "2012-05-02 14:22:00", "object_repr": "Article1", "object_id": "2", "change_message": "", "user": 1, "content_type": 12}}, {"pk": 3, "model": "admin.logentry", "fields": {"action_flag": 1, "action_time": "2012-05-02 14:21:34", "object_repr": "Test1", "object_id": "1", "change_message": "", "user": 1, "content_type": 12}}, {"pk": 2, "model": "admin.logentry", "fields": {"action_flag": 1, "action_time": "2012-05-02 14:21:30", "object_repr": "From CEO", "object_id": "2", "change_message": "", "user": 1, "content_type": 11}}, {"pk": 1, "model": "admin.logentry", "fields": {"action_flag": 1, "action_time": "2012-05-02 14:20:25", "object_repr": "Article", "object_id": "1", "change_message": "", "user": 1, "content_type": 11}}, {"pk": 70, "model": "auth.permission", "fields": {"codename": "add_logentry", "name": "Can add log entry", "content_type": 24}}, {"pk": 71, "model": "auth.permission", "fields": {"codename": "change_logentry", "name": "Can change log entry", "content_type": 24}}, {"pk": 72, "model": "auth.permission", "fields": {"codename": "delete_logentry", "name": "Can delete log entry", "content_type": 24}}, {"pk": 4, "model": "auth.permission", "fields": {"codename": "add_group", "name": "Can add group", "content_type": 2}}, {"pk": 5, "model": "auth.permission", "fields": {"codename": "change_group", "name": "Can change group", "content_type": 2}}, {"pk": 6, "model": "auth.permission", "fields": {"codename": "delete_group", "name": "Can delete group", "content_type": 2}}, {"pk": 10, "model": "auth.permission", "fields": {"codename": "add_message", "name": "Can add message", "content_type": 4}}, {"pk": 11, "model": "auth.permission", "fields": {"codename": "change_message", "name": "Can change message", "content_type": 4}}, {"pk": 12, "model": "auth.permission", "fields": {"codename": "delete_message", "name": "Can delete message", "content_type": 4}}, {"pk": 1, "model": "auth.permission", "fields": {"codename": "add_permission", "name": "Can add permission", "content_type": 1}}, {"pk": 2, "model": "auth.permission", "fields": {"codename": "change_permission", "name": "Can change permission", "content_type": 1}}, {"pk": 3, "model": "auth.permission", "fields": {"codename": "delete_permission", "name": "Can delete permission", "content_type": 1}}, {"pk": 7, "model": "auth.permission", "fields": {"codename": "add_user", "name": "Can add user", "content_type": 3}}, {"pk": 8, "model": "auth.permission", "fields": {"codename": "change_user", "name": "Can change user", "content_type": 3}}, {"pk": 9, "model": "auth.permission", "fields": {"codename": "delete_user", "name": "Can delete user", "content_type": 3}}, {"pk": 61, "model": "auth.permission", "fields": {"codename": "add_captchastore", "name": "Can add captcha store", "content_type": 21}}, {"pk": 62, "model": "auth.permission", "fields": {"codename": "change_captchastore", "name": "Can change captcha store", "content_type": 21}}, {"pk": 63, "model": "auth.permission", "fields": {"codename": "delete_captchastore", "name": "Can delete captcha store", "content_type": 21}}, {"pk": 22, "model": "auth.permission", "fields": {"codename": "add_actionlink", "name": "Can add action link", "content_type": 8}}, {"pk": 23, "model": "auth.permission", "fields": {"codename": "change_actionlink", "name": "Can change action link", "content_type": 8}}, {"pk": 24, "model": "auth.permission", "fields": {"codename": "delete_actionlink", "name": "Can delete action link", "content_type": 8}}, {"pk": 13, "model": "auth.permission", "fields": {"codename": "add_contenttype", "name": "Can add content type", "content_type": 5}}, {"pk": 14, "model": "auth.permission", "fields": {"codename": "change_contenttype", "name": "Can change content type", "content_type": 5}}, {"pk": 15, "model": "auth.permission", "fields": {"codename": "delete_contenttype", "name": "Can delete content type", "content_type": 5}}, {"pk": 79, "model": "auth.permission", "fields": {"codename": "add_email", "name": "Can add email", "content_type": 27}}, {"pk": 80, "model": "auth.permission", "fields": {"codename": "change_email", "name": "Can change email", "content_type": 27}}, {"pk": 81, "model": "auth.permission", "fields": {"codename": "delete_email", "name": "Can delete email", "content_type": 27}}, {"pk": 82, "model": "auth.permission", "fields": {"codename": "add_emailstatus", "name": "Can add email status", "content_type": 28}}, {"pk": 83, "model": "auth.permission", "fields": {"codename": "change_emailstatus", "name": "Can change email status", "content_type": 28}}, {"pk": 84, "model": "auth.permission", "fields": {"codename": "delete_emailstatus", "name": "Can delete email status", "content_type": 28}}, {"pk": 76, "model": "auth.permission", "fields": {"codename": "add_subscription", "name": "Can add subscription", "content_type": 26}}, {"pk": 77, "model": "auth.permission", "fields": {"codename": "change_subscription", "name": "Can change subscription", "content_type": 26}}, {"pk": 78, "model": "auth.permission", "fields": {"codename": "delete_subscription", "name": "Can delete subscription", "content_type": 26}}, {"pk": 73, "model": "auth.permission", "fields": {"codename": "add_subscriptiongroup", "name": "Can add subscription group", "content_type": 25}}, {"pk": 74, "model": "auth.permission", "fields": {"codename": "change_subscriptiongroup", "name": "Can change subscription group", "content_type": 25}}, {"pk": 75, "model": "auth.permission", "fields": {"codename": "delete_subscriptiongroup", "name": "Can delete subscription group", "content_type": 25}}, {"pk": 31, "model": "auth.permission", "fields": {"codename": "add_blogcategory", "name": "Can add News category", "content_type": 11}}, {"pk": 32, "model": "auth.permission", "fields": {"codename": "change_blogcategory", "name": "Can change News category", "content_type": 11}}, {"pk": 33, "model": "auth.permission", "fields": {"codename": "delete_blogcategory", "name": "Can delete News category", "content_type": 11}}, {"pk": 34, "model": "auth.permission", "fields": {"codename": "add_blogpost", "name": "Can add News Post", "content_type": 12}}, {"pk": 35, "model": "auth.permission", "fields": {"codename": "change_blogpost", "name": "Can change News Post", "content_type": 12}}, {"pk": 36, "model": "auth.permission", "fields": {"codename": "delete_blogpost", "name": "Can delete News Post", "content_type": 12}}, {"pk": 37, "model": "auth.permission", "fields": {"codename": "add_comment", "name": "Can add comment", "content_type": 13}}, {"pk": 38, "model": "auth.permission", "fields": {"codename": "change_comment", "name": "Can change comment", "content_type": 13}}, {"pk": 39, "model": "auth.permission", "fields": {"codename": "delete_comment", "name": "Can delete comment", "content_type": 13}}, {"pk": 28, "model": "auth.permission", "fields": {"codename": "add_newspage", "name": "Can add Media center pages", "content_type": 10}}, {"pk": 29, "model": "auth.permission", "fields": {"codename": "change_newspage", "name": "Can change Media center pages", "content_type": 10}}, {"pk": 30, "model": "auth.permission", "fields": {"codename": "delete_newspage", "name": "Can delete Media center pages", "content_type": 10}}, {"pk": 25, "model": "auth.permission", "fields": {"codename": "add_servicepage", "name": "Can add service page", "content_type": 9}}, {"pk": 26, "model": "auth.permission", "fields": {"codename": "change_servicepage", "name": "Can change service page", "content_type": 9}}, {"pk": 27, "model": "auth.permission", "fields": {"codename": "delete_servicepage", "name": "Can delete service page", "content_type": 9}}, {"pk": 16, "model": "auth.permission", "fields": {"codename": "add_session", "name": "Can add session", "content_type": 6}}, {"pk": 17, "model": "auth.permission", "fields": {"codename": "change_session", "name": "Can change session", "content_type": 6}}, {"pk": 18, "model": "auth.permission", "fields": {"codename": "delete_session", "name": "Can delete session", "content_type": 6}}, {"pk": 19, "model": "auth.permission", "fields": {"codename": "add_site", "name": "Can add site", "content_type": 7}}, {"pk": 20, "model": "auth.permission", "fields": {"codename": "change_site", "name": "Can change site", "content_type": 7}}, {"pk": 21, "model": "auth.permission", "fields": {"codename": "delete_site", "name": "Can delete site", "content_type": 7}}, {"pk": 64, "model": "auth.permission", "fields": {"codename": "add_tag", "name": "Can add tag", "content_type": 22}}, {"pk": 65, "model": "auth.permission", "fields": {"codename": "change_tag", "name": "Can change tag", "content_type": 22}}, {"pk": 66, "model": "auth.permission", "fields": {"codename": "delete_tag", "name": "Can delete tag", "content_type": 22}}, {"pk": 67, "model": "auth.permission", "fields": {"codename": "add_taggeditem", "name": "Can add tagged item", "content_type": 23}}, {"pk": 68, "model": "auth.permission", "fields": {"codename": "change_taggeditem", "name": "Can change tagged item", "content_type": 23}}, {"pk": 69, "model": "auth.permission", "fields": {"codename": "delete_taggeditem", "name": "Can delete tagged item", "content_type": 23}}, {"pk": 43, "model": "auth.permission", "fields": {"codename": "add_teammember", "name": "Can add team member", "content_type": 15}}, {"pk": 44, "model": "auth.permission", "fields": {"codename": "change_teammember", "name": "Can change team member", "content_type": 15}}, {"pk": 45, "model": "auth.permission", "fields": {"codename": "delete_teammember", "name": "Can delete team member", "content_type": 15}}, {"pk": 40, "model": "auth.permission", "fields": {"codename": "add_teampage", "name": "Can add team page", "content_type": 14}}, {"pk": 41, "model": "auth.permission", "fields": {"codename": "change_teampage", "name": "Can change team page", "content_type": 14}}, {"pk": 42, "model": "auth.permission", "fields": {"codename": "delete_teampage", "name": "Can delete team page", "content_type": 14}}, {"pk": 58, "model": "auth.permission", "fields": {"codename": "add_emailreceiver", "name": "Can add email receiver", "content_type": 20}}, {"pk": 59, "model": "auth.permission", "fields": {"codename": "change_emailreceiver", "name": "Can change email receiver", "content_type": 20}}, {"pk": 60, "model": "auth.permission", "fields": {"codename": "delete_emailreceiver", "name": "Can delete email receiver", "content_type": 20}}, {"pk": 55, "model": "auth.permission", "fields": {"codename": "add_enquiry", "name": "Can add enquiry", "content_type": 19}}, {"pk": 56, "model": "auth.permission", "fields": {"codename": "change_enquiry", "name": "Can change enquiry", "content_type": 19}}, {"pk": 57, "model": "auth.permission", "fields": {"codename": "delete_enquiry", "name": "Can delete enquiry", "content_type": 19}}, {"pk": 46, "model": "auth.permission", "fields": {"codename": "add_imageplayer", "name": "Can add image player", "content_type": 16}}, {"pk": 47, "model": "auth.permission", "fields": {"codename": "change_imageplayer", "name": "Can change image player", "content_type": 16}}, {"pk": 48, "model": "auth.permission", "fields": {"codename": "delete_imageplayer", "name": "Can delete image player", "content_type": 16}}, {"pk": 52, "model": "auth.permission", "fields": {"codename": "add_interest", "name": "Can add interest", "content_type": 18}}, {"pk": 53, "model": "auth.permission", "fields": {"codename": "change_interest", "name": "Can change interest", "content_type": 18}}, {"pk": 54, "model": "auth.permission", "fields": {"codename": "delete_interest", "name": "Can delete interest", "content_type": 18}}, {"pk": 49, "model": "auth.permission", "fields": {"codename": "add_miscpage", "name": "Can add misc page", "content_type": 17}}, {"pk": 50, "model": "auth.permission", "fields": {"codename": "change_miscpage", "name": "Can change misc page", "content_type": 17}}, {"pk": 51, "model": "auth.permission", "fields": {"codename": "delete_miscpage", "name": "Can delete misc page", "content_type": 17}}, {"pk": 1, "model": "auth.user", "fields": {"username": "chaol", "first_name": "", "last_name": "", "is_active": true, "is_superuser": true, "is_staff": true, "last_login": "2012-05-02 10:44:42", "groups": [], "user_permissions": [], "password": "sha1$c7764$389870a66bd1a5950aaab11998d3208e95c835cd", "email": "chaol@1md.com.au", "date_joined": "2012-05-02 09:35:17"}}]