[{"pk": 1, "model": "overview.overviewpage", "fields": {"meta_description": "", "priority": 0, "landing_tooltip": false, "meta_keywords": "", "parent": null, "title": "Overview", "action_links": [], "image": "", "tooltip": "", "content": "<p>Ark Total Wealth is a boutique financial planning practice offering wealth creation strategies aimed at taking you beyond what you thought possible.</p>\r\n<p>We are independently licensed and so when we look to solutions for your specific needs, we are not limited to certain investment companies or providers. Moreover, we and our parent company are not investment product providers, and so unlike many Financial Planning firms owned by banks and insurances companies we will provide you with well-researched and unbiased advice and investment product recommendation</p>\r\n<p>Since its inception 18 years ago, Ark Total Wealth has evolved into a complete wealth creation service offering you a range of financial planning services such as:</p>\r\n<ul>\r\n<li>Shares &amp; Managed Funds</li>\r\n<li>Direct Property</li>\r\n<li>Risk Insurances &ndash; Personal, Business &amp; General</li>\r\n<li>Business Planning</li>\r\n<li>Tax Structuring</li>\r\n<li>Superannuation</li>\r\n<li>Self Managed Super Funds (SMSF&rsquo;s)</li>\r\n<li>Cashflow Management</li>\r\n<li>Lending &amp; Financing</li>\r\n</ul>\r\n<p>Ark Total Wealth&rsquo;s strategic financial planning advice is tailored to your specific situation. We weave many of the above elements into a comprehensive and easy to understand financial strategy that will mean your money is working both harder and smarter for you, whether you are just getting started, building equity or planning for retirement.</p>", "active": true, "short_description": "", "landingpage": true, "tooltip_class_name": "", "slug": "overview", "tooltip_image": ""}}, {"pk": 2, "model": "overview.overviewpage", "fields": {"meta_description": "", "priority": 0, "landing_tooltip": false, "meta_keywords": "", "parent": 1, "title": "Independently Licensed", "action_links": [1], "image": "", "tooltip": "", "content": "<p>Idea</p>\r\n<p>Would you feel comfortable if your Doctor was paid and employed by a large pharmaceutical company? If not, chances are you probably wouldn&rsquo;t feel comfortable if your Financial Adviser was affiliated with, or paid and employed by a bank or investment company.</p>\r\n<p>In choosing a wealth professional to guide and manage your financial future, it is of the utmost importance that your financial planner is working in your best interest and your best interest alone.</p>\r\n<p>However, not all can claim to do this. In Australia 85% of financial planners are affiliated or licensed through large banks, funds management, superannuation or life insurance companies.</p>\r\n<p>The problem is that these sorts of financial institutions are actively involved in creating and managing investment products, such as managed investment funds, superannuation funds and life insurance, and the goal of these types of products is to absorb as much investor funds as possible. In doing so the financial institution earns more money.</p>\r\n<p>So when these same companies employ financial advisers, an inherent conflict of interest is created in that those financial advisers are encouraged to invest client monies in the investment funds that are also owned by the financial institutions. In this sense financial advisers can often become little more than managed fund marketing agents for the investment companies they work for.</p>\r\n<p>This can create problems for the client because if the most appropriate advice means investing their money elsewhere, the financial institution employing that financial adviser simply won&rsquo;t allow him or her to make that recommendation.</p>\r\n<p>An independently owned and licensed financial planning company such as Ark Total Wealth means that your financial planners business is not owned by a large product providing financial institution, and that the approved list of strategies and investment products they can offer you is tailored solely around your needs and what is appropriate for you, and not those of a large investment company.</p>\r\n<p>And this means your financial adviser is working for you and you alone.</p>", "active": true, "short_description": "", "landingpage": false, "tooltip_class_name": "", "slug": "independently-licensed", "tooltip_image": ""}}, {"pk": 3, "model": "overview.overviewpage", "fields": {"meta_description": "", "priority": 0, "landing_tooltip": true, "meta_keywords": "", "parent": 1, "title": "The Journey of Wealth...", "action_links": [], "image": "", "tooltip": "", "content": "<p>Ark Total Wealth has been established for 18 yearsand we provide a large range of services that help you build, maintain and protect your wealth...</p>\r\n<p>&nbsp;</p>", "active": true, "short_description": "", "landingpage": false, "tooltip_class_name": "", "slug": "journey-wealth", "tooltip_image": ""}}, {"pk": 4, "model": "overview.overviewpage", "fields": {"meta_description": "", "priority": 0, "landing_tooltip": false, "meta_keywords": "", "parent": 3, "title": "Deposit", "action_links": [], "image": "", "tooltip": "<p>This is the initial stage of wealth creation.<br />It is often the most difficult as it takes courage to start and time to build your deposit often with little prior momentum.<br />You may be saving for a deposit for an investment property or home.</p>", "content": "<p>Deposit (courage)</p>\r\n<p>Your financial strategy in this stage will be based around improving your earnings potential and building your financial resources so that you are in a position to make your first big investment commitment.</p>\r\n<p>Typically you will have just started working or are in a position where you are able to climb your vocational ladder and increase your earnings into the future. You may have just started or have some savings in cash which you are building up in anticipation of your first investment purchase.</p>\r\n<p>You may need help in this stage around:</p>\r\n<ul>\r\n<li>Improving your financial literacy and education</li>\r\n<li>Budgeting and cashflow organisation to improve your rate of savings</li>\r\n<li>Consolidating your many super accounts into one that you can easily track performance</li>\r\n<li>Establishing suitable levels of personal risk insurances</li>\r\n<li>Guidance and advice on the best asset in which to invest your deposit (home, investment property or shares?)</li>\r\n</ul>\r\n<p>&nbsp;</p>", "active": true, "short_description": "", "landingpage": false, "tooltip_class_name": "deposit", "slug": "deposit", "tooltip_image": "images/deposit_0.png"}}, {"pk": 5, "model": "overview.overviewpage", "fields": {"meta_description": "", "priority": 0, "landing_tooltip": false, "meta_keywords": "", "parent": 3, "title": "Equity", "action_links": [], "image": "", "tooltip": "<p>At this stage you are acquiring and building further equity in your assets. You are using your cashflow to maintain your investment assets and also manage a home mortgage or pay rent.<br />Leverage may be strategically used to create momentum to increase your asset base.</p>", "content": "<p>Equity (momentum)</p>\r\n<p>In this stage you are more established, possibly with a partner and family and have made one or more large investment decisions. You probably own a property whether it is a family home, investment or both. Equity in property holdings can be used as a deposit to acquire further assets.</p>\r\n<p>You have advanced further in your career and have worked hard at maximising your earnings potential, however as your earnings have increased so has the amount of tax you pay.</p>\r\n<p>You may need help in this stage around:</p>\r\n<ul>\r\n<li>Tax planning in order to help minimise your income tax through the structuring of your investment assets</li>\r\n<li>Cashflow planning and budgeting in order to help manage your increasing lifestyle expenses, home mortgage repayments and investment costs</li>\r\n<li>Review of your personal insurances in order to ensure they fully cover your expanding financial situation and your dependants</li>\r\n<li>Increasing your asset base utilising your surplus equity and cashflow</li>\r\n</ul>\r\n<p>&nbsp;</p>", "active": true, "short_description": "", "landingpage": false, "tooltip_class_name": "equity", "slug": "equity", "tooltip_image": "images/equity_0.png"}}, {"pk": 6, "model": "overview.overviewpage", "fields": {"meta_description": "", "priority": 0, "landing_tooltip": false, "meta_keywords": "", "parent": 3, "title": "Freedom", "action_links": [], "image": "", "tooltip": "<p>In the Freedom stage you have most likely eliminated your non-deductible debt and are focussing on further increasing your investment asset base in preparation for retirement. Your children or dependants by this stage may be employed and partially or fully funding their own lifestyles and you may look to aggressively increase your superannuation contributions.</p>", "content": "<p>Freedom (freedom)</p>\r\n<p>You have largely or entirely paid off your home and you are at the peak of your earnings potential. You are continuing to build your assets and retirement is no longer a distant concept, but something you are beginning to devote greater thought to.</p>\r\n<p>Your superannuation which was once locked away may be able to be tapped into to assist you in planning for retirement.</p>\r\n<p>You may need help in this stage around:</p>\r\n<ul>\r\n<li>Reviewing the most suitable superannuation structure to continue to grow your nest egg in (self managed super fund?)</li>\r\n<li>Ensuring you will have sufficient wealth built in order to fund your future retirement</li>\r\n<li>Pre-retirement strategies that increase your super balance in preparation for retirement whilst reducing your income tax</li>\r\n<li>Estate planning that effectively protects your considerable asset base for future generations</li>\r\n<li>Reviewing your asset allocation and diversifying your asset base to ensure that it is preserved in times of market volatility</li>\r\n<li>If you own a business, identifying exit and business succession strategies</li>\r\n</ul>\r\n<p>&nbsp;</p>", "active": true, "short_description": "", "landingpage": false, "tooltip_class_name": "freedom", "slug": "freedom", "tooltip_image": "images/freedom.png"}}, {"pk": 7, "model": "overview.overviewpage", "fields": {"meta_description": "", "priority": 0, "landing_tooltip": false, "meta_keywords": "", "parent": 3, "title": "Retirement", "action_links": [], "image": "", "tooltip": "<p>You have spent your life creating wealth, now is the time to plan your retirement in the most tax effective manner with a view to preserving the value of the assets you have accumulated.<br />Within this stage you may also be looking to help family members get started in the deposit stage.</p>", "content": "<p>Retirement (abundance)</p>\r\n<p>Your wealth creation journey changes into one of wealth preservation as you stop working and look to enjoy your twilight years, funded by the wealth you have built through the years. It is likely you will seek to reduce the volatility of your portfolios and you will benefit from structuring your retirement income streams to minimise tax.</p>\r\n<p>You may need help in this stage around:</p>\r\n<ul>\r\n<li>Altering your asset allocation to reduce market volatility of your retirement asset base</li>\r\n<li>Creating a tax effective income stream from your assets from which you can fund your ongoing living expenses</li>\r\n<li>Understanding and maximising the government benefits you are entitled to</li>\r\n</ul>\r\n<p>&nbsp;</p>", "active": true, "short_description": "", "landingpage": false, "tooltip_class_name": "retirement", "slug": "retirement", "tooltip_image": "images/retirement.png"}}]