[ { "page" : 1,
    "per_page" : 9,
    "total_entries" : 241,
    "total_pages" : 17
},
    [ { "date" : "2013-01-01",
        "id" : 1,
        "name" : "Afghanistan",
        "percentage" : 0.35999999999999999,
        "pop" : 25500100,
        "url" : "http://en.wikipedia.org/wiki/Afghanistan"
    },
        { "date" : "2011-10-01",
            "id" : 2,
            "name" : "Albania",
            "percentage" : 0.040000000000000001,
            "pop" : 2831741,
            "url" : "http://en.wikipedia.org/wiki/Albania"
        },
        { "date" : "2012-01-01",
            "id" : 3,
            "name" : "Algeria",
            "percentage" : 0.53000000000000003,
            "pop" : 37100000,
            "url" : "http://en.wikipedia.org/wiki/Algeria"
        },
        { "date" : "2010-04-01",
            "id" : 4,
            "name" : "American Samoa (USA)",
            "percentage" : 0.00079000000000000001,
            "pop" : 55519,
            "url" : "http://en.wikipedia.org/wiki/American_Samoa"
        },
        { "date" : "2011-07-01",
            "id" : 5,
            "name" : "Andorra",
            "percentage" : 0.0011000000000000001,
            "pop" : 78115,
            "url" : "http://en.wikipedia.org/wiki/Andorra"
        },
        { "date" : "2012-07-01",
            "id" : 6,
            "name" : "Angola",
            "percentage" : 0.28999999999999998,
            "pop" : 20609294,
            "url" : "http://en.wikipedia.org/wiki/Angola"
        },
        { "date" : "2011-05-11",
            "id" : 7,
            "name" : "Anguilla (UK)",
            "percentage" : 0.00019000000000000001,
            "pop" : 13452,
            "url" : "http://en.wikipedia.org/wiki/Anguilla"
        },
        { "date" : "2011-05-27",
            "id" : 8,
            "name" : "Antigua and Barbuda",
            "percentage" : 0.0011999999999999999,
            "pop" : 86295,
            "url" : "http://en.wikipedia.org/wiki/Antigua_and_Barbuda"
        },
        { "date" : "2010-10-27",
            "id" : 9,
            "name" : "Argentina",
            "percentage" : 0.56999999999999995,
            "pop" : 40117096,
            "url" : "http://en.wikipedia.org/wiki/Argentina"
        },
        { "date" : "2012-06-01",
            "id" : 10,
            "name" : "Armenia",
            "percentage" : 0.045999999999999999,
            "pop" : 3275700,
            "url" : "http://en.wikipedia.org/wiki/Armenia"
        },
        { "date" : "2010-09-29",
            "id" : 11,
            "name" : "Aruba (Netherlands)",
            "percentage" : 0.0014,
            "pop" : 101484,
            "url" : "http://en.wikipedia.org/wiki/Aruba"
        },
        { "date" : "2012-11-11",
            "id" : 12,
            "name" : "Australia",
            "percentage" : 0.32000000000000001,
            "pop" : 22808690,
            "url" : "http://en.wikipedia.org/wiki/Australia"
        },
        { "date" : "2012-07-01",
            "id" : 13,
            "name" : "Austria",
            "percentage" : 0.12,
            "pop" : 8452835,
            "url" : "http://en.wikipedia.org/wiki/Austria"
        },
        { "date" : "2012-01-01",
            "id" : 14,
            "name" : "Azerbaijan",
            "percentage" : 0.13,
            "pop" : 9235100,
            "url" : "http://en.wikipedia.org/wiki/Azerbaijan"
        },
        { "date" : "2010-05-03",
            "id" : 15,
            "name" : "Bahamas",
            "percentage" : 0.0050000000000000001,
            "pop" : 353658,
            "url" : "http://en.wikipedia.org/wiki/The_Bahamas"
        },
        { "date" : "2010-04-27",
            "id" : 16,
            "name" : "Bahrain",
            "percentage" : 0.017999999999999999,
            "pop" : 1234571,
            "url" : "http://en.wikipedia.org/wiki/Bahrain"
        },
        { "date" : "2012-07-16",
            "id" : 17,
            "name" : "Bangladesh",
            "percentage" : 2.1600000000000001,
            "pop" : 152518015,
            "url" : "http://en.wikipedia.org/wiki/Bangladesh"
        },
        { "date" : "2010-07-01",
            "id" : 18,
            "name" : "Barbados",
            "percentage" : 0.0038999999999999998,
            "pop" : 274200,
            "url" : "http://en.wikipedia.org/wiki/Barbados"
        },
        { "date" : "2012-09-01",
            "id" : 19,
            "name" : "Belarus",
            "percentage" : 0.13,
            "pop" : 9459000,
            "url" : "http://en.wikipedia.org/wiki/Belarus"
        },
        { "date" : "2010-01-01",
            "id" : 20,
            "name" : "Belgium",
            "percentage" : 0.14999999999999999,
            "pop" : 10839905,
            "url" : "http://en.wikipedia.org/wiki/Belgium"
        },
        { "date" : "2010-05-12",
            "id" : 21,
            "name" : "Belize",
            "percentage" : 0.0044000000000000003,
            "pop" : 312971,
            "url" : "http://en.wikipedia.org/wiki/Belize"
        },
        { "date" : "2012-07-01",
            "id" : 22,
            "name" : "Benin",
            "percentage" : 0.13,
            "pop" : 9352000,
            "url" : "http://en.wikipedia.org/wiki/Benin"
        },
        { "date" : "2010-05-20",
            "id" : 23,
            "name" : "Bermuda (UK)",
            "percentage" : 0.00091,
            "pop" : 64237,
            "url" : "http://en.wikipedia.org/wiki/Bermuda"
        },
        { "date" : "2012-07-01",
            "id" : 24,
            "name" : "Bhutan",
            "percentage" : 0.01,
            "pop" : 720679,
            "url" : "http://en.wikipedia.org/wiki/Bhutan"
        },
        { "date" : "2010-07-01",
            "id" : 25,
            "name" : "Bolivia",
            "percentage" : 0.14999999999999999,
            "pop" : 10426155,
            "url" : "http://en.wikipedia.org/wiki/Bolivia"
        },
        { "date" : "2012-06-30",
            "id" : 26,
            "name" : "Bosnia and Herzegovina",
            "percentage" : 0.055,
            "pop" : 3868621,
            "url" : "http://en.wikipedia.org/wiki/Bosnia_and_Herzegovina"
        },
        { "date" : "2011-08-22",
            "id" : 27,
            "name" : "Botswana",
            "percentage" : 0.029000000000000001,
            "pop" : 2024904,
            "url" : "http://en.wikipedia.org/wiki/Botswana"
        },
        { "date" : "2012-07-01",
            "id" : 28,
            "name" : "Brazil",
            "percentage" : 2.75,
            "pop" : 193946886,
            "url" : "http://en.wikipedia.org/wiki/Brazil"
        },
        { "date" : "2010-07-01",
            "id" : 29,
            "name" : "British Virgin Islands (UK)",
            "percentage" : 0.00042000000000000002,
            "pop" : 29537,
            "url" : "http://en.wikipedia.org/wiki/British_Virgin_Islands"
        },
        { "date" : "2011-06-20",
            "id" : 30,
            "name" : "Brunei",
            "percentage" : 0.0055999999999999999,
            "pop" : 393162,
            "url" : "http://en.wikipedia.org/wiki/Brunei"
        },
        { "date" : "2011-02-01",
            "id" : 31,
            "name" : "Bulgaria",
            "percentage" : 0.10000000000000001,
            "pop" : 7364570,
            "url" : "http://en.wikipedia.org/wiki/Bulgaria"
        },
        { "date" : "2010-07-01",
            "id" : 32,
            "name" : "Burkina Faso",
            "percentage" : 0.22,
            "pop" : 15730977,
            "url" : "http://en.wikipedia.org/wiki/Burkina_Faso"
        },
        { "date" : "2012-07-01",
            "id" : 33,
            "name" : "Burundi",
            "percentage" : 0.12,
            "pop" : 8749000,
            "url" : "http://en.wikipedia.org/wiki/Burundi"
        },
        { "date" : "2012-07-01",
            "id" : 34,
            "name" : "Cambodia",
            "percentage" : 0.20999999999999999,
            "pop" : 14478000,
            "url" : "http://en.wikipedia.org/wiki/Cambodia"
        },
        { "date" : "2010-01-01",
            "id" : 35,
            "name" : "Cameroon",
            "percentage" : 0.28000000000000003,
            "pop" : 19406100,
            "url" : "http://en.wikipedia.org/wiki/Cameroon"
        },
        { "date" : "2012-11-11",
            "id" : 36,
            "name" : "Canada",
            "percentage" : 0.5,
            "pop" : 34974700,
            "url" : "http://en.wikipedia.org/wiki/Canada"
        },
        { "date" : "2010-06-16",
            "id" : 37,
            "name" : "Cape Verde",
            "percentage" : 0.0070000000000000001,
            "pop" : 491875,
            "url" : "http://en.wikipedia.org/wiki/Cape_Verde"
        },
        { "date" : "2011-01-01",
            "id" : 38,
            "name" : "Caribbean Netherlands (Netherlands)",
            "percentage" : 0.00029999999999999997,
            "pop" : 21133,
            "url" : "http://en.wikipedia.org/wiki/Caribbean_Netherlands"
        },
        { "date" : "2010-10-10",
            "id" : 39,
            "name" : "Cayman Islands (UK)",
            "percentage" : 0.00079000000000000001,
            "pop" : 55456,
            "url" : "http://en.wikipedia.org/wiki/Cayman_Islands"
        },
        { "date" : "2012-07-01",
            "id" : 40,
            "name" : "Central African Republic",
            "percentage" : 0.065000000000000002,
            "pop" : 4576000,
            "url" : "http://en.wikipedia.org/wiki/Central_African_Republic"
        },
        { "date" : "2009-05-20",
            "id" : 41,
            "name" : "Chad",
            "percentage" : 0.16,
            "pop" : 11274106,
            "url" : "http://en.wikipedia.org/wiki/Chad"
        },
        { "date" : "2012-04-09",
            "id" : 42,
            "name" : "Chile",
            "percentage" : 0.23999999999999999,
            "pop" : 16572475,
            "url" : "http://en.wikipedia.org/wiki/Chile"
        },
        { "date" : "2011-12-31",
            "id" : 43,
            "name" : "China[8]",
            "percentage" : 19.109999999999999,
            "pop" : 1347350000,
            "url" : "http://en.wikipedia.org/wiki/China"
        },
        { "date" : "2011-08-09",
            "id" : 44,
            "name" : "Christmas Island (Australia)",
            "percentage" : 2.0000000000000002e-05,
            "pop" : 2072,
            "url" : "http://en.wikipedia.org/wiki/Christmas_Island"
        },
        { "date" : "2011-08-09",
            "id" : 45,
            "name" : "Cocos (Keeling) Islands (Australia)",
            "percentage" : 7.9999999999999996e-06,
            "pop" : 550,
            "url" : "http://en.wikipedia.org/wiki/Cocos_(Keeling)_Islands"
        },
        { "date" : "2012-11-11",
            "id" : 46,
            "name" : "Colombia",
            "percentage" : 0.66000000000000003,
            "pop" : 46780000,
            "url" : "http://en.wikipedia.org/wiki/Colombia"
        },
        { "date" : "2009-07-01",
            "id" : 47,
            "name" : "Comoros[18]",
            "percentage" : 0.0094999999999999998,
            "pop" : 669300,
            "url" : "http://en.wikipedia.org/wiki/Comoros"
        },
        { "date" : "2011-12-01",
            "id" : 48,
            "name" : "Cook Islands (NZ)",
            "percentage" : 0.00025000000000000001,
            "pop" : 17791,
            "url" : "http://en.wikipedia.org/wiki/Cook_Islands"
        },
        { "date" : "2011-06-03",
            "id" : 49,
            "name" : "Costa Rica",
            "percentage" : 0.060999999999999999,
            "pop" : 4301712,
            "url" : "http://en.wikipedia.org/wiki/Costa_Rica"
        },
        { "date" : "2011-03-31",
            "id" : 50,
            "name" : "Croatia",
            "percentage" : 0.060999999999999999,
            "pop" : 4290612,
            "url" : "http://en.wikipedia.org/wiki/Croatia"
        },
        { "date" : "2011-12-31",
            "id" : 51,
            "name" : "Cuba",
            "percentage" : 0.16,
            "pop" : 11247925,
            "url" : "http://en.wikipedia.org/wiki/Cuba"
        },
        { "date" : "2011-03-26",
            "id" : 52,
            "name" : "Cura?ao (Netherlands)",
            "percentage" : 0.0020999999999999999,
            "pop" : 149679,
            "url" : "http://en.wikipedia.org/wiki/Cura%C3%A7ao"
        },
        { "date" : "2011-10-01",
            "id" : 53,
            "name" : "Cyprus[17]",
            "percentage" : 0.012,
            "pop" : 838897,
            "url" : "http://en.wikipedia.org/wiki/Cyprus"
        },
        { "date" : "2012-03-31",
            "id" : 54,
            "name" : "Czech Republic",
            "percentage" : 0.14999999999999999,
            "pop" : 10507566,
            "url" : "http://en.wikipedia.org/wiki/Czech_Republic"
        },
        { "date" : "2012-07-01",
            "id" : 55,
            "name" : "Democratic Republic of the Congo",
            "percentage" : 0.98999999999999999,
            "pop" : 69575000,
            "url" : "http://en.wikipedia.org/wiki/Democratic_Republic_of_the_Congo"
        },
        { "date" : "2012-07-01",
            "id" : 56,
            "name" : "Denmark",
            "percentage" : 0.079000000000000001,
            "pop" : 5587085,
            "url" : "http://en.wikipedia.org/wiki/Denmark"
        },
        { "date" : "2009-05-29",
            "id" : 57,
            "name" : "Djibouti",
            "percentage" : 0.012,
            "pop" : 818159,
            "url" : "http://en.wikipedia.org/wiki/Djibouti"
        },
        { "date" : "2011-05-14",
            "id" : 58,
            "name" : "Dominica",
            "percentage" : 0.001,
            "pop" : 71293,
            "url" : "http://en.wikipedia.org/wiki/Dominica"
        },
        { "date" : "2010-12-01",
            "id" : 59,
            "name" : "Dominican Republic",
            "percentage" : 0.13,
            "pop" : 9445281,
            "url" : "http://en.wikipedia.org/wiki/Dominican_Republic"
        },
        { "date" : "2010-11-28",
            "id" : 60,
            "name" : "Ecuador",
            "percentage" : 0.20999999999999999,
            "pop" : 14483499,
            "url" : "http://en.wikipedia.org/wiki/Ecuador"
        },
        { "date" : "2012-11-11",
            "id" : 61,
            "name" : "Egypt",
            "percentage" : 1.1699999999999999,
            "pop" : 82814000,
            "url" : "http://en.wikipedia.org/wiki/Egypt"
        },
        { "date" : "2010-06-30",
            "id" : 62,
            "name" : "El Salvador",
            "percentage" : 0.087999999999999995,
            "pop" : 6183000,
            "url" : "http://en.wikipedia.org/wiki/El_Salvador"
        },
        { "date" : "2012-07-01",
            "id" : 63,
            "name" : "Equatorial Guinea",
            "percentage" : 0.01,
            "pop" : 740000,
            "url" : "http://en.wikipedia.org/wiki/Equatorial_Guinea"
        },
        { "date" : "2012-07-01",
            "id" : 64,
            "name" : "Eritrea",
            "percentage" : 0.079000000000000001,
            "pop" : 5581000,
            "url" : "http://en.wikipedia.org/wiki/Eritrea"
        },
        { "date" : "2012-03-31",
            "id" : 65,
            "name" : "Estonia",
            "percentage" : 0.017999999999999999,
            "pop" : 1294236,
            "url" : "http://en.wikipedia.org/wiki/Estonia"
        },
        { "date" : "2012-07-01",
            "id" : 66,
            "name" : "Ethiopia",
            "percentage" : 1.2,
            "pop" : 84320987,
            "url" : "http://en.wikipedia.org/wiki/Ethiopia"
        },
        { "date" : "2012-04-15",
            "id" : 67,
            "name" : "Falkland Islands (UK)[21]",
            "percentage" : 3.0000000000000001e-05,
            "pop" : 2563,
            "url" : "http://en.wikipedia.org/wiki/Falkland_Islands"
        },
        { "date" : "2012-07-01",
            "id" : 68,
            "name" : "Faroe Islands (Denmark)",
            "percentage" : 0.00068999999999999997,
            "pop" : 48459,
            "url" : "http://en.wikipedia.org/wiki/Faroe_Islands"
        },
        { "date" : "2010-04-04",
            "id" : 69,
            "name" : "Federated States of Micronesia",
            "percentage" : 0.0015,
            "pop" : 102843,
            "url" : "http://en.wikipedia.org/wiki/Federated_States_of_Micronesia"
        },
        { "date" : "2012-07-01",
            "id" : 70,
            "name" : "Fiji",
            "percentage" : 0.012,
            "pop" : 876000,
            "url" : "http://en.wikipedia.org/wiki/Fiji"
        },
        { "date" : "2012-11-11",
            "id" : 71,
            "name" : "Finland",
            "percentage" : 0.080000000000000002,
            "pop" : 5424220,
            "url" : "http://en.wikipedia.org/wiki/Finland"
        },
        { "date" : "2012-01-01",
            "id" : 72,
            "name" : "France[9]",
            "percentage" : 0.93000000000000005,
            "pop" : 65350000,
            "url" : "http://en.wikipedia.org/wiki/France"
        },
        { "date" : "2009-01-01",
            "id" : 73,
            "name" : "French Guiana (France)",
            "percentage" : 0.0032000000000000002,
            "pop" : 224469,
            "url" : "http://en.wikipedia.org/wiki/French_Guiana"
        },
        { "date" : "2012-07-01",
            "id" : 74,
            "name" : "French Polynesia (France)",
            "percentage" : 0.0038999999999999998,
            "pop" : 277000,
            "url" : "http://en.wikipedia.org/wiki/French_Polynesia"
        },
        { "date" : "2012-07-01",
            "id" : 75,
            "name" : "Gabon",
            "percentage" : 0.021999999999999999,
            "pop" : 1564000,
            "url" : "http://en.wikipedia.org/wiki/Gabon"
        },
        { "date" : "2012-07-01",
            "id" : 76,
            "name" : "Gambia",
            "percentage" : 0.025999999999999999,
            "pop" : 1825000,
            "url" : "http://en.wikipedia.org/wiki/The_Gambia"
        },
        { "date" : "2012-01-01",
            "id" : 77,
            "name" : "Georgia[14]",
            "percentage" : 0.064000000000000001,
            "pop" : 4497600,
            "url" : "http://en.wikipedia.org/wiki/Georgia_(country)"
        },
        { "date" : "2012-04-30",
            "id" : 78,
            "name" : "Germany",
            "percentage" : 1.1599999999999999,
            "pop" : 81857000,
            "url" : "http://en.wikipedia.org/wiki/Germany"
        },
        { "date" : "2010-09-26",
            "id" : 79,
            "name" : "Ghana",
            "percentage" : 0.34999999999999998,
            "pop" : 24658823,
            "url" : "http://en.wikipedia.org/wiki/Ghana"
        },
        { "date" : "2011-07-01",
            "id" : 80,
            "name" : "Gibraltar (UK)[20]",
            "percentage" : 0.00042000000000000002,
            "pop" : 29752,
            "url" : "http://en.wikipedia.org/wiki/Gibraltar"
        },
        { "date" : "2011-05-24",
            "id" : 81,
            "name" : "Greece",
            "percentage" : 0.14999999999999999,
            "pop" : 10787690,
            "url" : "http://en.wikipedia.org/wiki/Greece"
        },
        { "date" : "2012-01-01",
            "id" : 82,
            "name" : "Greenland (Denmark)",
            "percentage" : 0.00080000000000000004,
            "pop" : 56749,
            "url" : "http://en.wikipedia.org/wiki/Greenland"
        },
        { "date" : "2009-07-01",
            "id" : 83,
            "name" : "Grenada",
            "percentage" : 0.0016000000000000001,
            "pop" : 110821,
            "url" : "http://en.wikipedia.org/wiki/Grenada"
        },
        { "date" : "2009-01-01",
            "id" : 84,
            "name" : "Guadeloupe (France)",
            "percentage" : 0.0057000000000000002,
            "pop" : 401554,
            "url" : "http://en.wikipedia.org/wiki/Guadeloupe"
        },
        { "date" : "2010-04-01",
            "id" : 85,
            "name" : "Guam (USA)",
            "percentage" : 0.0023,
            "pop" : 159358,
            "url" : "http://en.wikipedia.org/wiki/Guam"
        },
        { "date" : "2011-07-01",
            "id" : 86,
            "name" : "Guatemala",
            "percentage" : 0.20999999999999999,
            "pop" : 14713763,
            "url" : "http://en.wikipedia.org/wiki/Guatemala"
        },
        { "date" : "2010-03-31",
            "id" : 87,
            "name" : "Guernsey (UK)",
            "percentage" : 0.00088999999999999995,
            "pop" : 62431,
            "url" : "http://en.wikipedia.org/wiki/Guernsey"
        },
        { "date" : "2010-07-01",
            "id" : 88,
            "name" : "Guinea",
            "percentage" : 0.14999999999999999,
            "pop" : 10824200,
            "url" : "http://en.wikipedia.org/wiki/Guinea"
        },
        { "date" : "2009-03-01",
            "id" : 89,
            "name" : "Guinea-Bissau",
            "percentage" : 0.021999999999999999,
            "pop" : 1520830,
            "url" : "http://en.wikipedia.org/wiki/Guinea-Bissau"
        },
        { "date" : "2010-07-01",
            "id" : 90,
            "name" : "Guyana",
            "percentage" : 0.010999999999999999,
            "pop" : 784894,
            "url" : "http://en.wikipedia.org/wiki/Guyana"
        },
        { "date" : "2010-07-01",
            "id" : 91,
            "name" : "Haiti",
            "percentage" : 0.14000000000000001,
            "pop" : 10085214,
            "url" : "http://en.wikipedia.org/wiki/Haiti"
        },
        { "date" : "2012-07-01",
            "id" : 92,
            "name" : "Honduras",
            "percentage" : 0.12,
            "pop" : 8385072,
            "url" : "http://en.wikipedia.org/wiki/Honduras"
        },
        { "date" : "2011-12-31",
            "id" : 93,
            "name" : "Hong Kong (China)[13]",
            "percentage" : 0.10000000000000001,
            "pop" : 7103700,
            "url" : "http://en.wikipedia.org/wiki/Hong_Kong"
        },
        { "date" : "2012-01-01",
            "id" : 94,
            "name" : "Hungary",
            "percentage" : 0.14000000000000001,
            "pop" : 9957731,
            "url" : "http://en.wikipedia.org/wiki/Hungary"
        },
        { "date" : "2012-04-01",
            "id" : 95,
            "name" : "Iceland",
            "percentage" : 0.0044999999999999997,
            "pop" : 320060,
            "url" : "http://en.wikipedia.org/wiki/Iceland"
        },
        { "date" : "2011-03-01",
            "id" : 96,
            "name" : "India",
            "percentage" : 17.16,
            "pop" : 1210193422,
            "url" : "http://en.wikipedia.org/wiki/India"
        },
        { "date" : "2010-05-01",
            "id" : 97,
            "name" : "Indonesia",
            "percentage" : 3.3700000000000001,
            "pop" : 237641326,
            "url" : "http://en.wikipedia.org/wiki/Indonesia"
        },
        { "date" : "2011-10-24",
            "id" : 98,
            "name" : "Iran",
            "percentage" : 1.0700000000000001,
            "pop" : 75149669,
            "url" : "http://en.wikipedia.org/wiki/Iran"
        },
        { "date" : "2011-07-01",
            "id" : 99,
            "name" : "Iraq",
            "percentage" : 0.46999999999999997,
            "pop" : 33330000,
            "url" : "http://en.wikipedia.org/wiki/Iraq"
        },
        { "date" : "2011-04-10",
            "id" : 100,
            "name" : "Ireland",
            "percentage" : 0.065000000000000002,
            "pop" : 4588252,
            "url" : "http://en.wikipedia.org/wiki/Republic_of_Ireland"
        },
        { "date" : "2011-03-27",
            "id" : 101,
            "name" : "Isle of Man (UK)",
            "percentage" : 0.0011999999999999999,
            "pop" : 84497,
            "url" : "http://en.wikipedia.org/wiki/Isle_of_Man"
        },
        { "date" : "2012-08-31",
            "id" : 102,
            "name" : "Israel",
            "percentage" : 0.11,
            "pop" : 7928500,
            "url" : "http://en.wikipedia.org/wiki/Israel"
        },
        { "date" : "2012-03-31",
            "id" : 103,
            "name" : "Italy",
            "percentage" : 0.85999999999999999,
            "pop" : 60849247,
            "url" : "http://en.wikipedia.org/wiki/Italy"
        },
        { "date" : "2009-07-01",
            "id" : 104,
            "name" : "Ivory Coast",
            "percentage" : 0.29999999999999999,
            "pop" : 21395000,
            "url" : "http://en.wikipedia.org/wiki/Ivory_Coast"
        },
        { "date" : "2011-12-31",
            "id" : 105,
            "name" : "Jamaica",
            "percentage" : 0.037999999999999999,
            "pop" : 2709300,
            "url" : "http://en.wikipedia.org/wiki/Jamaica"
        },
        { "date" : "2012-09-01",
            "id" : 106,
            "name" : "Japan",
            "percentage" : 1.8100000000000001,
            "pop" : 127520000,
            "url" : "http://en.wikipedia.org/wiki/Japan"
        },
        { "date" : "2011-03-27",
            "id" : 107,
            "name" : "Jersey (UK)",
            "percentage" : 0.0014,
            "pop" : 97857,
            "url" : "http://en.wikipedia.org/wiki/Jersey"
        },
        { "date" : "2012-11-11",
            "id" : 108,
            "name" : "Jordan",
            "percentage" : 0.089999999999999997,
            "pop" : 6368400,
            "url" : "http://en.wikipedia.org/wiki/Jordan"
        },
        { "date" : "2012-08-01",
            "id" : 109,
            "name" : "Kazakhstan",
            "percentage" : 0.23999999999999999,
            "pop" : 16815000,
            "url" : "http://en.wikipedia.org/wiki/Kazakhstan"
        },
        { "date" : "2009-08-24",
            "id" : 110,
            "name" : "Kenya",
            "percentage" : 0.55000000000000004,
            "pop" : 38610097,
            "url" : "http://en.wikipedia.org/wiki/Kenya"
        },
        { "date" : "2012-07-01",
            "id" : 111,
            "name" : "Kiribati",
            "percentage" : 0.0015,
            "pop" : 103000,
            "url" : "http://en.wikipedia.org/wiki/Kiribati"
        },
        { "date" : "2010-12-31",
            "id" : 112,
            "name" : "Kuwait",
            "percentage" : 0.050999999999999997,
            "pop" : 3582054,
            "url" : "http://en.wikipedia.org/wiki/Kuwait"
        },
        { "date" : "2011-07-01",
            "id" : 113,
            "name" : "Kyrgyzstan",
            "percentage" : 0.078,
            "pop" : 5477600,
            "url" : "http://en.wikipedia.org/wiki/Kyrgyzstan"
        },
        { "date" : "2012-07-01",
            "id" : 114,
            "name" : "Laos",
            "percentage" : 0.091999999999999998,
            "pop" : 6465800,
            "url" : "http://en.wikipedia.org/wiki/Laos"
        },
        { "date" : "2011-03-01",
            "id" : 115,
            "name" : "Latvia",
            "percentage" : 0.029000000000000001,
            "pop" : 2070371,
            "url" : "http://en.wikipedia.org/wiki/Latvia"
        },
        { "date" : "2012-07-01",
            "id" : 116,
            "name" : "Lebanon",
            "percentage" : 0.060999999999999999,
            "pop" : 4292000,
            "url" : "http://en.wikipedia.org/wiki/Lebanon"
        },
        { "date" : "2012-07-01",
            "id" : 117,
            "name" : "Lesotho",
            "percentage" : 0.031,
            "pop" : 2217000,
            "url" : "http://en.wikipedia.org/wiki/Lesotho"
        },
        { "date" : "2012-07-01",
            "id" : 118,
            "name" : "Liberia",
            "percentage" : 0.059999999999999998,
            "pop" : 4245000,
            "url" : "http://en.wikipedia.org/wiki/Liberia"
        },
        { "date" : "2012-07-01",
            "id" : 119,
            "name" : "Libya",
            "percentage" : 0.091999999999999998,
            "pop" : 6469000,
            "url" : "http://en.wikipedia.org/wiki/Libya"
        },
        { "date" : "2011-12-31",
            "id" : 120,
            "name" : "Liechtenstein",
            "percentage" : 0.00051999999999999995,
            "pop" : 36476,
            "url" : "http://en.wikipedia.org/wiki/Liechtenstein"
        },
        { "date" : "2012-08-01",
            "id" : 121,
            "name" : "Lithuania",
            "percentage" : 0.044999999999999998,
            "pop" : 3180394,
            "url" : "http://en.wikipedia.org/wiki/Lithuania"
        },
        { "date" : "2010-12-31",
            "id" : 122,
            "name" : "Luxembourg",
            "percentage" : 0.0073000000000000001,
            "pop" : 511800,
            "url" : "http://en.wikipedia.org/wiki/Luxembourg"
        },
        { "date" : "2012-06-30",
            "id" : 123,
            "name" : "Macau (China)[19]",
            "percentage" : 0.0080999999999999996,
            "pop" : 568700,
            "url" : "http://en.wikipedia.org/wiki/Macau"
        },
        { "date" : "2011-12-31",
            "id" : 124,
            "name" : "Macedonia",
            "percentage" : 0.029000000000000001,
            "pop" : 2059794,
            "url" : "http://en.wikipedia.org/wiki/Republic_of_Macedonia"
        },
        { "date" : "2011-07-01",
            "id" : 125,
            "name" : "Madagascar",
            "percentage" : 0.28999999999999998,
            "pop" : 20696070,
            "url" : "http://en.wikipedia.org/wiki/Madagascar"
        },
        { "date" : "2012-07-01",
            "id" : 126,
            "name" : "Malawi",
            "percentage" : 0.23000000000000001,
            "pop" : 15883000,
            "url" : "http://en.wikipedia.org/wiki/Malawi"
        },
        { "date" : "2012-11-11",
            "id" : 127,
            "name" : "Malaysia",
            "percentage" : 0.41999999999999998,
            "pop" : 29547000,
            "url" : "http://en.wikipedia.org/wiki/Malaysia"
        },
        { "date" : "2010-07-01",
            "id" : 128,
            "name" : "Maldives",
            "percentage" : 0.0044999999999999997,
            "pop" : 317280,
            "url" : "http://en.wikipedia.org/wiki/Maldives"
        },
        { "date" : "2009-04-01",
            "id" : 129,
            "name" : "Mali",
            "percentage" : 0.20999999999999999,
            "pop" : 14528662,
            "url" : "http://en.wikipedia.org/wiki/Mali"
        },
        { "date" : "2010-12-31",
            "id" : 130,
            "name" : "Malta",
            "percentage" : 0.0058999999999999999,
            "pop" : 417617,
            "url" : "http://en.wikipedia.org/wiki/Malta"
        },
        { "date" : "2010-07-01",
            "id" : 131,
            "name" : "Marshall Islands",
            "percentage" : 0.00076999999999999996,
            "pop" : 54305,
            "url" : "http://en.wikipedia.org/wiki/Marshall_Islands"
        },
        { "date" : "2009-01-01",
            "id" : 132,
            "name" : "Martinique (France)",
            "percentage" : 0.0055999999999999999,
            "pop" : 396404,
            "url" : "http://en.wikipedia.org/wiki/Martinique"
        },
        { "date" : "2012-07-01",
            "id" : 133,
            "name" : "Mauritania",
            "percentage" : 0.048000000000000001,
            "pop" : 3378254,
            "url" : "http://en.wikipedia.org/wiki/Mauritania"
        },
        { "date" : "2011-07-01",
            "id" : 134,
            "name" : "Mauritius",
            "percentage" : 0.017999999999999999,
            "pop" : 1286051,
            "url" : "http://en.wikipedia.org/wiki/Mauritius"
        },
        { "date" : "2012-07-01",
            "id" : 135,
            "name" : "Mayotte (France)",
            "percentage" : 0.0030999999999999999,
            "pop" : 217000,
            "url" : "http://en.wikipedia.org/wiki/Mayotte"
        },
        { "date" : "2010-06-12",
            "id" : 136,
            "name" : "Mexico",
            "percentage" : 1.5900000000000001,
            "pop" : 112336538,
            "url" : "http://en.wikipedia.org/wiki/Mexico"
        },
        { "date" : "2012-01-01",
            "id" : 137,
            "name" : "Moldova[16]",
            "percentage" : 0.050000000000000003,
            "pop" : 3559500,
            "url" : "http://en.wikipedia.org/wiki/Moldova"
        },
        { "date" : "2012-07-01",
            "id" : 138,
            "name" : "Monaco",
            "percentage" : 0.00050000000000000001,
            "pop" : 35000,
            "url" : "http://en.wikipedia.org/wiki/Monaco"
        },
        { "date" : "2009-07-01",
            "id" : 139,
            "name" : "Mongolia",
            "percentage" : 0.039,
            "pop" : 2736800,
            "url" : "http://en.wikipedia.org/wiki/Mongolia"
        },
        { "date" : "2011-04-01",
            "id" : 140,
            "name" : "Montenegro",
            "percentage" : 0.0088000000000000005,
            "pop" : 620029,
            "url" : "http://en.wikipedia.org/wiki/Montenegro"
        },
        { "date" : "2011-05-12",
            "id" : 141,
            "name" : "Montserrat (UK)",
            "percentage" : 5.0000000000000002e-05,
            "pop" : 4922,
            "url" : "http://en.wikipedia.org/wiki/Montserrat"
        },
        { "date" : "2012-11-11",
            "id" : 142,
            "name" : "Morocco",
            "percentage" : 0.46000000000000002,
            "pop" : 32725600,
            "url" : "http://en.wikipedia.org/wiki/Morocco"
        },
        { "date" : "2012-07-01",
            "id" : 143,
            "name" : "Mozambique",
            "percentage" : 0.34000000000000002,
            "pop" : 23700715,
            "url" : "http://en.wikipedia.org/wiki/Mozambique"
        },
        { "date" : "2012-07-01",
            "id" : 144,
            "name" : "Myanmar",
            "percentage" : 0.68999999999999995,
            "pop" : 48724000,
            "url" : "http://en.wikipedia.org/wiki/Myanmar"
        },
        { "date" : "2011-08-28",
            "id" : 145,
            "name" : "Namibia",
            "percentage" : 0.029999999999999999,
            "pop" : 2104900,
            "url" : "http://en.wikipedia.org/wiki/Namibia"
        },
        { "date" : "2012-07-01",
            "id" : 146,
            "name" : "Nauru",
            "percentage" : 0.00013999999999999999,
            "pop" : 10000,
            "url" : "http://en.wikipedia.org/wiki/Nauru"
        },
        { "date" : "2011-06-22",
            "id" : 147,
            "name" : "Nepal",
            "percentage" : 0.38,
            "pop" : 26620809,
            "url" : "http://en.wikipedia.org/wiki/Nepal"
        },
        { "date" : "2012-08-31",
            "id" : 148,
            "name" : "Netherlands",
            "percentage" : 0.23999999999999999,
            "pop" : 16751323,
            "url" : "http://en.wikipedia.org/wiki/Netherlands"
        },
        { "date" : "2009-07-27",
            "id" : 149,
            "name" : "New Caledonia (France)",
            "percentage" : 0.0035000000000000001,
            "pop" : 245580,
            "url" : "http://en.wikipedia.org/wiki/New_Caledonia"
        },
        { "date" : "2012-11-11",
            "id" : 150,
            "name" : "New Zealand",
            "percentage" : 0.063,
            "pop" : 4445430,
            "url" : "http://en.wikipedia.org/wiki/New_Zealand"
        },
        { "date" : "2012-06-30",
            "id" : 151,
            "name" : "Nicaragua",
            "percentage" : 0.085999999999999993,
            "pop" : 6071045,
            "url" : "http://en.wikipedia.org/wiki/Nicaragua"
        },
        { "date" : "2012-07-01",
            "id" : 152,
            "name" : "Niger",
            "percentage" : 0.23000000000000001,
            "pop" : 16274738,
            "url" : "http://en.wikipedia.org/wiki/Niger"
        },
        { "date" : "2012-07-01",
            "id" : 153,
            "name" : "Nigeria",
            "percentage" : 2.3599999999999999,
            "pop" : 166629000,
            "url" : "http://en.wikipedia.org/wiki/Nigeria"
        },
        { "date" : "2012-07-01",
            "id" : 154,
            "name" : "Niue (NZ)",
            "percentage" : 1.0000000000000001e-05,
            "pop" : 1000,
            "url" : "http://en.wikipedia.org/wiki/Niue"
        },
        { "date" : "2011-08-09",
            "id" : 155,
            "name" : "Norfolk Island (Australia)",
            "percentage" : 2.0000000000000002e-05,
            "pop" : 2302,
            "url" : "http://en.wikipedia.org/wiki/Norfolk_Island"
        },
        { "date" : "2012-07-01",
            "id" : 156,
            "name" : "North Korea",
            "percentage" : 0.34999999999999998,
            "pop" : 24554000,
            "url" : "http://en.wikipedia.org/wiki/North_Korea"
        },
        { "date" : "2010-04-01",
            "id" : 157,
            "name" : "Northern Mariana Islands (USA)",
            "percentage" : 0.00076000000000000004,
            "pop" : 53883,
            "url" : "http://en.wikipedia.org/wiki/Northern_Mariana_Islands"
        },
        { "date" : "2012-11-11",
            "id" : 158,
            "name" : "Norway",
            "percentage" : 0.071999999999999995,
            "pop" : 5047000,
            "url" : "http://en.wikipedia.org/wiki/Norway"
        },
        { "date" : "2010-12-12",
            "id" : 159,
            "name" : "Oman",
            "percentage" : 0.039,
            "pop" : 2773479,
            "url" : "http://en.wikipedia.org/wiki/Oman"
        },
        { "date" : "2012-11-11",
            "id" : 160,
            "name" : "Pakistan",
            "percentage" : 2.5699999999999998,
            "pop" : 181192000,
            "url" : "http://en.wikipedia.org/wiki/Pakistan"
        },
        { "date" : "2012-07-01",
            "id" : 161,
            "name" : "Palau",
            "percentage" : 0.00029999999999999997,
            "pop" : 21000,
            "url" : "http://en.wikipedia.org/wiki/Palau"
        },
        { "date" : "2012-07-01",
            "id" : 162,
            "name" : "Palestinian territories[15]",
            "percentage" : 0.060999999999999999,
            "pop" : 4293313,
            "url" : "http://en.wikipedia.org/wiki/Palestinian_territories"
        },
        { "date" : "2010-05-16",
            "id" : 163,
            "name" : "Panama",
            "percentage" : 0.048000000000000001,
            "pop" : 3405813,
            "url" : "http://en.wikipedia.org/wiki/Panama"
        },
        { "date" : "2012-07-01",
            "id" : 164,
            "name" : "Papua New Guinea",
            "percentage" : 0.10000000000000001,
            "pop" : 7170000,
            "url" : "http://en.wikipedia.org/wiki/Papua_New_Guinea"
        },
        { "date" : "2010-07-01",
            "id" : 165,
            "name" : "Paraguay",
            "percentage" : 0.089999999999999997,
            "pop" : 6337127,
            "url" : "http://en.wikipedia.org/wiki/Paraguay"
        },
        { "date" : "2012-06-30",
            "id" : 166,
            "name" : "Peru",
            "percentage" : 0.42999999999999999,
            "pop" : 30135875,
            "url" : "http://en.wikipedia.org/wiki/Peru"
        },
        { "date" : "2010-05-01",
            "id" : 167,
            "name" : "Philippines",
            "percentage" : 1.3100000000000001,
            "pop" : 92337852,
            "url" : "http://en.wikipedia.org/wiki/Philippines"
        },
        { "date" : "2008-07-01",
            "id" : 168,
            "name" : "Pitcairn Islands (UK)",
            "percentage" : 9.9999999999999995e-07,
            "pop" : 66,
            "url" : "http://en.wikipedia.org/wiki/Pitcairn_Islands"
        },
        { "date" : "2011-12-31",
            "id" : 169,
            "name" : "Poland",
            "percentage" : 0.55000000000000004,
            "pop" : 38538447,
            "url" : "http://en.wikipedia.org/wiki/Poland"
        },
        { "date" : "2011-03-21",
            "id" : 170,
            "name" : "Portugal",
            "percentage" : 0.14999999999999999,
            "pop" : 10561614,
            "url" : "http://en.wikipedia.org/wiki/Portugal"
        },
        { "date" : "2011-07-01",
            "id" : 171,
            "name" : "Puerto Rico (USA)",
            "percentage" : 0.052999999999999999,
            "pop" : 3706690,
            "url" : "http://en.wikipedia.org/wiki/Puerto_Rico"
        },
        { "date" : "2012-10-31",
            "id" : 172,
            "name" : "Qatar",
            "percentage" : 0.025000000000000001,
            "pop" : 1757540,
            "url" : "http://en.wikipedia.org/wiki/Qatar"
        },
        { "date" : "2012-07-01",
            "id" : 173,
            "name" : "Republic of the Congo",
            "percentage" : 0.059999999999999998,
            "pop" : 4233000,
            "url" : "http://en.wikipedia.org/wiki/Republic_of_the_Congo"
        },
        { "date" : "2011-10-20",
            "id" : 174,
            "name" : "Romania",
            "percentage" : 0.27000000000000002,
            "pop" : 19042936,
            "url" : "http://en.wikipedia.org/wiki/Romania"
        },
        { "date" : "2012-09-01",
            "id" : 175,
            "name" : "Russia",
            "percentage" : 2.0299999999999998,
            "pop" : 143228300,
            "url" : "http://en.wikipedia.org/wiki/Russia"
        },
        { "date" : "2011-07-01",
            "id" : 176,
            "name" : "Rwanda",
            "percentage" : 0.14999999999999999,
            "pop" : 10718379,
            "url" : "http://en.wikipedia.org/wiki/Rwanda"
        },
        { "date" : "2009-01-01",
            "id" : 177,
            "name" : "R?union (France)",
            "percentage" : 0.012,
            "pop" : 816364,
            "url" : "http://en.wikipedia.org/wiki/R%C3%A9union"
        },
        { "date" : "2009-01-01",
            "id" : 178,
            "name" : "Saint Barth?lemy (France)",
            "percentage" : 0.00012999999999999999,
            "pop" : 8902,
            "url" : "http://en.wikipedia.org/wiki/Saint_Barth%C3%A9lemy"
        },
        { "date" : "2012-07-01",
            "id" : 179,
            "name" : "Saint Helena, Ascension and Tristan da Cunha (UK)",
            "percentage" : 4.0000000000000003e-05,
            "pop" : 4000,
            "url" : "http://en.wikipedia.org/wiki/Saint_Helena,_Ascension_and_Tristan_da_Cunha"
        },
        { "date" : "2009-07-01",
            "id" : 180,
            "name" : "Saint Kitts and Nevis",
            "percentage" : 0.00073999999999999999,
            "pop" : 51970,
            "url" : "http://en.wikipedia.org/wiki/Saint_Kitts_and_Nevis"
        },
        { "date" : "2010-05-10",
            "id" : 181,
            "name" : "Saint Lucia",
            "percentage" : 0.0023999999999999998,
            "pop" : 166526,
            "url" : "http://en.wikipedia.org/wiki/Saint_Lucia"
        },
        { "date" : "2009-01-01",
            "id" : 182,
            "name" : "Saint Martin (France)",
            "percentage" : 0.00051999999999999995,
            "pop" : 36824,
            "url" : "http://en.wikipedia.org/wiki/Collectivity_of_Saint_Martin"
        },
        { "date" : "2009-01-01",
            "id" : 183,
            "name" : "Saint Pierre and Miquelon (France)",
            "percentage" : 6.0000000000000002e-05,
            "pop" : 6082,
            "url" : "http://en.wikipedia.org/wiki/Saint_Pierre_and_Miquelon"
        },
        { "date" : "2009-07-01",
            "id" : 184,
            "name" : "Saint Vincent and the Grenadines",
            "percentage" : 0.0014,
            "pop" : 100892,
            "url" : "http://en.wikipedia.org/wiki/Saint_Vincent_and_the_Grenadines"
        },
        { "date" : "2011-11-07",
            "id" : 185,
            "name" : "Samoa",
            "percentage" : 0.0025999999999999999,
            "pop" : 186340,
            "url" : "http://en.wikipedia.org/wiki/Samoa"
        },
        { "date" : "2012-07-31",
            "id" : 186,
            "name" : "San Marino",
            "percentage" : 0.00046000000000000001,
            "pop" : 32404,
            "url" : "http://en.wikipedia.org/wiki/San_Marino"
        },
        { "date" : "2011-07-01",
            "id" : 187,
            "name" : "Saudi Arabia",
            "percentage" : 0.40000000000000002,
            "pop" : 28376355,
            "url" : "http://en.wikipedia.org/wiki/Saudi_Arabia"
        },
        { "date" : "2011-07-01",
            "id" : 188,
            "name" : "Senegal",
            "percentage" : 0.17999999999999999,
            "pop" : 12855153,
            "url" : "http://en.wikipedia.org/wiki/Senegal"
        },
        { "date" : "2011-10-01",
            "id" : 189,
            "name" : "Serbia[12]",
            "percentage" : 0.10000000000000001,
            "pop" : 7120666,
            "url" : "http://en.wikipedia.org/wiki/Serbia"
        },
        { "date" : "2010-08-26",
            "id" : 190,
            "name" : "Seychelles",
            "percentage" : 0.0012999999999999999,
            "pop" : 90945,
            "url" : "http://en.wikipedia.org/wiki/Seychelles"
        },
        { "date" : "2012-07-01",
            "id" : 191,
            "name" : "Sierra Leone",
            "percentage" : 0.086999999999999994,
            "pop" : 6126000,
            "url" : "http://en.wikipedia.org/wiki/Sierra_Leone"
        },
        { "date" : "2012-10-30",
            "id" : 192,
            "name" : "Singapore",
            "percentage" : 0.073999999999999996,
            "pop" : 5312400,
            "url" : "http://en.wikipedia.org/wiki/Singapore"
        },
        { "date" : "2010-01-01",
            "id" : 193,
            "name" : "Sint Maarten (Netherlands)",
            "percentage" : 0.00052999999999999998,
            "pop" : 37429,
            "url" : "http://en.wikipedia.org/wiki/Sint_Maarten"
        },
        { "date" : "2011-09-30",
            "id" : 194,
            "name" : "Slovakia",
            "percentage" : 0.076999999999999999,
            "pop" : 5445324,
            "url" : "http://en.wikipedia.org/wiki/Slovakia"
        },
        { "date" : "2012-11-11",
            "id" : 195,
            "name" : "Slovenia",
            "percentage" : 0.029000000000000001,
            "pop" : 2061350,
            "url" : "http://en.wikipedia.org/wiki/Slovenia"
        },
        { "date" : "2012-07-01",
            "id" : 196,
            "name" : "Solomon Islands",
            "percentage" : 0.0079000000000000008,
            "pop" : 553935,
            "url" : "http://en.wikipedia.org/wiki/Solomon_Islands"
        },
        { "date" : "2012-07-01",
            "id" : 197,
            "name" : "Somalia[11]",
            "percentage" : 0.14000000000000001,
            "pop" : 9797000,
            "url" : "http://en.wikipedia.org/wiki/Somalia"
        },
        { "date" : "2011-10-09",
            "id" : 198,
            "name" : "South Africa",
            "percentage" : 0.72999999999999998,
            "pop" : 51770560,
            "url" : "http://en.wikipedia.org/wiki/South_Africa"
        },
        { "date" : "2012-07-01",
            "id" : 199,
            "name" : "South Korea",
            "percentage" : 0.70999999999999996,
            "pop" : 50004441,
            "url" : "http://en.wikipedia.org/wiki/South_Korea"
        },
        { "date" : "2008-04-22",
            "id" : 200,
            "name" : "South Sudan",
            "percentage" : 0.12,
            "pop" : 8260490,
            "url" : "http://en.wikipedia.org/wiki/South_Sudan"
        },
        { "date" : "2012-07-01",
            "id" : 201,
            "name" : "Spain",
            "percentage" : 0.65000000000000002,
            "pop" : 46163116,
            "url" : "http://en.wikipedia.org/wiki/Spain"
        },
        { "date" : "2012-03-20",
            "id" : 202,
            "name" : "Sri Lanka",
            "percentage" : 0.28999999999999998,
            "pop" : 20277597,
            "url" : "http://en.wikipedia.org/wiki/Sri_Lanka"
        },
        { "date" : "2008-04-22",
            "id" : 203,
            "name" : "Sudan",
            "percentage" : 0.44,
            "pop" : 30894000,
            "url" : "http://en.wikipedia.org/wiki/Sudan"
        },
        { "date" : "2012-07-01",
            "id" : 204,
            "name" : "Suriname",
            "percentage" : 0.0076,
            "pop" : 534000,
            "url" : "http://en.wikipedia.org/wiki/Suriname"
        },
        { "date" : "2010-03-01",
            "id" : 205,
            "name" : "Svalbard and Jan Mayen (Norway)",
            "percentage" : 2.0000000000000002e-05,
            "pop" : 2495,
            "url" : "http://en.wikipedia.org/wiki/Svalbard_and_Jan_Mayen"
        },
        { "date" : "2012-07-01",
            "id" : 206,
            "name" : "Swaziland",
            "percentage" : 0.017000000000000001,
            "pop" : 1220000,
            "url" : "http://en.wikipedia.org/wiki/Swaziland"
        },
        { "date" : "2012-08-31",
            "id" : 207,
            "name" : "Sweden",
            "percentage" : 0.14000000000000001,
            "pop" : 9532634,
            "url" : "http://en.wikipedia.org/wiki/Sweden"
        },
        { "date" : "2012-08-02",
            "id" : 208,
            "name" : "Switzerland",
            "percentage" : 0.11,
            "pop" : 8000001,
            "url" : "http://en.wikipedia.org/wiki/Switzerland"
        },
        { "date" : "2012-11-11",
            "id" : 209,
            "name" : "Syria",
            "percentage" : 0.31,
            "pop" : 21829000,
            "url" : "http://en.wikipedia.org/wiki/Syria"
        },
        { "date" : "2012-07-01",
            "id" : 210,
            "name" : "S?o Tom? and Pr?ncipe",
            "percentage" : 0.0023999999999999998,
            "pop" : 172000,
            "url" : "http://en.wikipedia.org/wiki/S%C3%A3o_Tom%C3%A9_and_Pr%C3%ADncipe"
        },
        { "date" : "2012-07-31",
            "id" : 211,
            "name" : "Taiwan[10]",
            "percentage" : 0.33000000000000002,
            "pop" : 23268372,
            "url" : "http://en.wikipedia.org/wiki/Taiwan"
        },
        { "date" : "2012-01-01",
            "id" : 212,
            "name" : "Tajikistan",
            "percentage" : 0.11,
            "pop" : 7800000,
            "url" : "http://en.wikipedia.org/wiki/Tajikistan"
        },
        { "date" : "2010-07-01",
            "id" : 213,
            "name" : "Tanzania",
            "percentage" : 0.60999999999999999,
            "pop" : 43188000,
            "url" : "http://en.wikipedia.org/wiki/Tanzania"
        },
        { "date" : "2010-09-01",
            "id" : 214,
            "name" : "Thailand",
            "percentage" : 0.93000000000000005,
            "pop" : 65479453,
            "url" : "http://en.wikipedia.org/wiki/Thailand"
        },
        { "date" : "2010-07-11",
            "id" : 215,
            "name" : "Timor-Leste",
            "percentage" : 0.014999999999999999,
            "pop" : 1066409,
            "url" : "http://en.wikipedia.org/wiki/East_Timor"
        },
        { "date" : "2010-11-06",
            "id" : 216,
            "name" : "Togo",
            "percentage" : 0.087999999999999995,
            "pop" : 6191155,
            "url" : "http://en.wikipedia.org/wiki/Togo"
        },
        { "date" : "2011-10-18",
            "id" : 217,
            "name" : "Tokelau (NZ)",
            "percentage" : 1.0000000000000001e-05,
            "pop" : 1411,
            "url" : "http://en.wikipedia.org/wiki/Tokelau"
        },
        { "date" : "2011-11-30",
            "id" : 218,
            "name" : "Tonga",
            "percentage" : 0.0015,
            "pop" : 103036,
            "url" : "http://en.wikipedia.org/wiki/Tonga"
        },
        { "date" : "2010-07-01",
            "id" : 219,
            "name" : "Trinidad and Tobago",
            "percentage" : 0.019,
            "pop" : 1317714,
            "url" : "http://en.wikipedia.org/wiki/Trinidad_and_Tobago"
        },
        { "date" : "2011-07-01",
            "id" : 220,
            "name" : "Tunisia",
            "percentage" : 0.14999999999999999,
            "pop" : 10673800,
            "url" : "http://en.wikipedia.org/wiki/Tunisia"
        },
        { "date" : "2011-12-31",
            "id" : 221,
            "name" : "Turkey",
            "percentage" : 1.0600000000000001,
            "pop" : 74724269,
            "url" : "http://en.wikipedia.org/wiki/Turkey"
        },
        { "date" : "2012-07-01",
            "id" : 222,
            "name" : "Turkmenistan",
            "percentage" : 0.072999999999999995,
            "pop" : 5170000,
            "url" : "http://en.wikipedia.org/wiki/Turkmenistan"
        },
        { "date" : "2012-01-25",
            "id" : 223,
            "name" : "Turks and Caicos Islands (UK)",
            "percentage" : 0.00044999999999999999,
            "pop" : 31458,
            "url" : "http://en.wikipedia.org/wiki/Turks_and_Caicos_Islands"
        },
        { "date" : "2012-07-01",
            "id" : 224,
            "name" : "Tuvalu",
            "percentage" : 0.00013999999999999999,
            "pop" : 10000,
            "url" : "http://en.wikipedia.org/wiki/Tuvalu"
        },
        { "date" : "2011-07-01",
            "id" : 225,
            "name" : "Uganda",
            "percentage" : 0.46999999999999997,
            "pop" : 32939800,
            "url" : "http://en.wikipedia.org/wiki/Uganda"
        },
        { "date" : "2012-08-01",
            "id" : 226,
            "name" : "Ukraine",
            "percentage" : 0.65000000000000002,
            "pop" : 45560272,
            "url" : "http://en.wikipedia.org/wiki/Ukraine"
        },
        { "date" : "2010-07-01",
            "id" : 227,
            "name" : "United Arab Emirates",
            "percentage" : 0.12,
            "pop" : 8264070,
            "url" : "http://en.wikipedia.org/wiki/United_Arab_Emirates"
        },
        { "date" : "2010-07-01",
            "id" : 228,
            "name" : "United Kingdom",
            "percentage" : 0.88,
            "pop" : 62262000,
            "url" : "http://en.wikipedia.org/wiki/United_Kingdom"
        },
        { "date" : "2012-11-11",
            "id" : 229,
            "name" : "United States",
            "percentage" : 4.46,
            "pop" : 314745000,
            "url" : "http://en.wikipedia.org/wiki/United_States"
        },
        { "date" : "2010-04-01",
            "id" : 230,
            "name" : "United States Virgin Islands",
            "percentage" : 0.0015,
            "pop" : 106405,
            "url" : "http://en.wikipedia.org/wiki/United_States_Virgin_Islands"
        },
        { "date" : "2011-09-30",
            "id" : 231,
            "name" : "Uruguay",
            "percentage" : 0.047,
            "pop" : 3286314,
            "url" : "http://en.wikipedia.org/wiki/Uruguay"
        },
        { "date" : "2011-07-01",
            "id" : 232,
            "name" : "Uzbekistan",
            "percentage" : 0.40999999999999998,
            "pop" : 29123400,
            "url" : "http://en.wikipedia.org/wiki/Uzbekistan"
        },
        { "date" : "2009-11-16",
            "id" : 233,
            "name" : "Vanuatu",
            "percentage" : 0.0033,
            "pop" : 234023,
            "url" : "http://en.wikipedia.org/wiki/Vanuatu"
        },
        { "date" : "2011-03-01",
            "id" : 234,
            "name" : "Vatican City",
            "percentage" : 1.0000000000000001e-05,
            "pop" : 800,
            "url" : "http://en.wikipedia.org/wiki/Vatican_City"
        },
        { "date" : "2011-11-30",
            "id" : 235,
            "name" : "Venezuela",
            "percentage" : 0.40999999999999998,
            "pop" : 28946101,
            "url" : "http://en.wikipedia.org/wiki/Venezuela"
        },
        { "date" : "2011-07-01",
            "id" : 236,
            "name" : "Vietnam",
            "percentage" : 1.25,
            "pop" : 87840000,
            "url" : "http://en.wikipedia.org/wiki/Vietnam"
        },
        { "date" : "2012-07-01",
            "id" : 237,
            "name" : "Wallis and Futuna (France)",
            "percentage" : 0.00018000000000000001,
            "pop" : 13000,
            "url" : "http://en.wikipedia.org/wiki/Wallis_and_Futuna"
        },
        { "date" : "2012-07-01",
            "id" : 238,
            "name" : "Western Sahara",
            "percentage" : 0.0080000000000000002,
            "pop" : 567000,
            "url" : "http://en.wikipedia.org/wiki/Western_Sahara"
        },
        { "date" : "2012-07-01",
            "id" : 239,
            "name" : "Yemen",
            "percentage" : 0.34999999999999998,
            "pop" : 24527000,
            "url" : "http://en.wikipedia.org/wiki/Yemen"
        },
        { "date" : "2010-10-16",
            "id" : 240,
            "name" : "Zambia",
            "percentage" : 0.19,
            "pop" : 13092666,
            "url" : "http://en.wikipedia.org/wiki/Zambia"
        },
        { "date" : "2012-07-01",
            "id" : 241,
            "name" : "Zimbabwe",
            "percentage" : 0.17999999999999999,
            "pop" : 13014000,
            "url" : "http://en.wikipedia.org/wiki/Zimbabwe"
        },
        { "date" : "2011-12-31",
            "id" : 242,
            "name" : "?land Islands (Finland)",
            "percentage" : 0.00040000000000000002,
            "pop" : 28355,
            "url" : "http://en.wikipedia.org/wiki/%C3%85land_Islands"
        }
    ]
]