<?xml version="1.0" encoding="utf-8"?>
 <rss version="2.0" xmlns:dc="http://purl.org/dc/elements/1.1/">
  <channel>
    <title>CareerCup</title>
    <link>http://www.careercup.com/</link>
    <description>CareerCup : Technical Interview Questions</description>
    <language>en-us</language>
    {% for question in questions %}
    <item>
      <title>
            CareerCup: New Interview Question for {% for c in question.companies2 %}
            {{ c.text }}
            {% endfor %} 
            {% if question.has_topic %}
                |
                {% for c in question.topics2 %}
                {{ c.text }}
                {% endfor %}
            {% endif %}
            {% if question.has_job %}
                |
                {% for c in question.jobs2 %}
                {{ c.text }}
                {% endfor %}
            {% endif %}
		    
      </title>
      <link>http://www.careercup.com/question?id={{ question.uid }}</link>
      <description><![CDATA[ 
		<div style="align: left; border: 1px solid #656E72; width: 600px; ">
			<div style="border-bottom: 1px dotted #656E72; padding: 10px;">
				<a href="http://www.careercup.com"><img src="http://www.careercup.com/images/logo.gif" style="border: 0"></a>
			</div>
			<div style="padding: 10px;">
				<a href="http://www.careercup.com/question?id={{ question.uid }}" style="text-decoration: none;"><span style="color: #1E6CB6; font-weight: bold; font-size: 18px; ">Interview Question for {% for c in question.companies2 %}
	            {{ c.text }}
	            {% endfor %}
	            {% if question.has_topic %}
	                &raquo;
	                {% for c in question.topics2 %}
	                {{ c.text }}
	                {% endfor %}
	            {% endif %}
	            {% if question.has_job %}
	                &raquo;
	                {% for c in question.jobs2 %}
	                {{ c.text }}
	                {% endfor %}
	            {% endif %}</span></a>
			</div>
			<div style="padding: 10px;">
				{{ question.text|linebreaks }} <a href="http://www.careercup.com/question?id={{ question.uid }}">View &raquo;</span></a>
			</div>
			<div style="font-size: 10px; padding: 10px;">
				Posted by {{ question.author_name }} on {{ question.date_string }}
			</div>
		</div>
		]]></description>
		<guid isPermaLink="true">http://www.careercup.com/question?id={{ question.uid }}</guid>
      <dc:creator>{{ question.author_name }}</dc:creator>
      <dc:date>{{ question.w3cdate }}</dc:date>    
    </item>
    {% endfor %}
  </channel>
</rss>